crash_id,county,region,highway_name,highway_class,intersection_rel,special_feature_1,special_feature_2,severity_level,visual_injured_num,fatal_num,suspected_serious_injured_num,non_incapacitated_injured_num,possibly_injured_num,crash_type,main_crash_type,latitude,longitude,year,date,time,number_of_vehicles,number_of_commercial_vehicles,work_zone,railroad_crossing,alcohol,drug,Alcohol or Drug,weather_condition,lighting_condition,road_condition,manner_of_collision,pedestrians_num,roadway_departure,cross_centerline,hit_and_run,emergency_vehicle_use,unit_type,vehicle_type,age,sex,driver_of_vehicle,injury_severity,person_condition,restraint_use,older_driver,teen_driver,Sleepy/Ill/Dizzy Driver,unsafe_unlaw_category,unsafe_unlaw_desc,Abnormal Traffic Control,Alcohol-DUI/DWI,Animal in Roadway,Apparently Sleepy,Avoiding Other Vehicle,Avoiding Pedestrian,Changed Lanes Unsafely,Deer in Roadway,Defect in Roadway,Disregarded Warning Signal,Domestic Animal in Roadway,Drug-DUI,Failed to Secure Load,Failed to Signal,Failed to Stop,Failed to Yield,Followed too Closely,Improper Backing,Improper Bicyclist Action,Improper Overtaking,Improper Parking,Improper Start From,Improper Turn,Improper Use of Lane,Distraction,Left of Center,No Improper Action by Driver,Object/Debris in Roadway,Other Improper Act/Movement,Pedestrian Action,Stopped in Traffic Lane,Speeding,Unsafe Vehicle,Wrong Way,Bad Weather,Bad Lighting,Bad Road Condition
172260953,Rogers,northern,SH-167,State Highway,1,0.0,0.0,property_damage,0.0,0,0.0,0.0,0.0,REAR-END,REAR-END,36.1768735,-95.7608559,2017,2017-07-13,16.0,2,0,N,       ,N,N,0,Clear,Daylight,1.0,2,0,No Roadway Departure,0,N,0.0,D,4.0,17.0,M,Y,0.0,Apparently Normal,99.0,0,1,0,Followed too Closely,Human Element,0,0,0,0,0,0,0,0,0,0,0,0,0,0,0,0,1,0,0,0,0,0,0,0,0,0,0,0,0,0,0,0,0,0,0,0,0
172261020,Rogers,northern,SH-167,State Highway,0,1.0,0.0,property_damage,0.0,0,0.0,0.0,0.0,REAR-END,REAR-END,36.1645989,-95.761594,2017,2017-07-01,8.4,2,0,N,       ,N,N,0,Clear,Daylight,1.0,5,0,No Roadway Departure,0,N,0.0,D,20.0,28.0,F,Y,1.0,Apparently Normal,4.0,0,0,0,Followed too Closely,Human Element,0,0,0,0,0,0,0,0,0,0,0,0,0,0,0,0,1,0,0,0,0,0,0,0,0,0,0,0,0,0,0,0,0,0,0,0,0
172261023,Rogers,northern,SH-167,State Highway,0,0.0,0.0,incapacitating_injury,2.0,0,1.0,1.0,0.0,REAR-END,REAR-END,36.1644538,-95.7615938,2017,2017-07-28,15.3,2,0,N,       ,N,Y,1,Clear,Daylight,1.0,3,0,No Roadway Departure,0,N,0.0,D,1.0,36.0,F,Y,4.0,Apparently Normal,4.0,0,0,0,Followed too Closely,Human Element,0,0,0,0,0,0,0,0,0,0,0,0,0,0,0,0,1,0,0,0,0,0,0,0,0,0,0,0,0,0,0,0,0,0,0,0,0
172292245,Adair,southern,US-59,US Route,1,0.0,0.0,possible_injury,0.0,0,0.0,0.0,1.0,REAR-END,REAR-END,35.8251465,-94.6261843,2017,2017-04-18,17.14,3,0,N,       ,N,N,0,Cloudy,Daylight,1.0,2,0,No Roadway Departure,0,Y,0.0,D,4.0,46.0,M,Y,1.0,Apparently Normal,4.0,0,0,0,Followed too Closely,Human Element,0,0,0,0,0,0,0,0,0,0,0,0,0,0,0,0,1,0,0,0,0,0,0,0,0,0,0,0,0,0,0,0,0,0,0,0,0
172292248,Adair,southern,US-59,US Route,1,0.0,0.0,property_damage,0.0,0,0.0,0.0,0.0,REAR-END,REAR-END,35.8095092,-94.6271112,2017,2017-04-21,8.03,2,0,N,       ,N,N,0,Cloudy,Daylight,2.0,2,0,No Roadway Departure,0,N,0.0,D,4.0,58.0,M,Y,1.0,Apparently Normal,4.0,0,0,0,Followed too Closely,Traffic Condition,0,0,0,0,0,0,0,0,0,0,0,0,0,0,0,0,1,0,0,0,0,0,0,0,0,0,0,0,0,0,0,0,0,0,0,0,0
172292263,Tulsa,northern,SH-20,State Highway,0,0.0,0.0,property_damage,0.0,0,0.0,0.0,0.0,REAR-END,REAR-END,36.3220183,-95.8196816,2017,2017-07-02,10.26,3,0,N,       ,N,N,0,Clear,Daylight,1.0,2,0,No Roadway Departure,0,N,0.0,D,20.0,19.0,M,Y,1.0,Apparently Normal,4.0,0,1,0,Followed too Closely,Traffic Condition,0,0,0,0,0,0,0,0,0,0,0,0,0,0,0,0,1,0,0,0,0,0,0,0,0,0,0,0,0,0,0,0,0,0,0,0,0
172330863,Tulsa,northern,,City Street,1,0.0,0.0,possible_injury,0.0,0,0.0,0.0,1.0,REAR-END,REAR-END,36.2929909,-95.8301704,2017,2017-08-07,10.31,2,0,N,       ,N,N,0,Clear,Daylight,1.0,2,0,No Roadway Departure,0,N,0.0,D,20.0,29.0,F,Y,1.0,Apparently Normal,4.0,0,0,0,Followed too Closely,Human Element,0,0,0,0,0,0,0,0,0,0,0,0,0,0,0,0,1,0,0,0,0,0,0,0,0,0,0,0,0,0,0,0,0,0,0,0,0
172330864,Tulsa,northern,,City Street,7,0.0,0.0,property_damage,0.0,0,0.0,0.0,0.0,REAR-END,REAR-END,36.32179049,-95.8481461,2017,2017-08-08,18.2,2,0,N,       ,N,N,0,Clear,Daylight,1.0,2,0,No Roadway Departure,0,N,0.0,D,20.0,18.0,M,Y,1.0,Apparently Normal,4.0,0,1,0,Followed too Closely,Traffic Condition,0,0,0,0,0,0,0,0,0,0,0,0,0,0,0,0,1,0,0,0,0,0,0,0,0,0,0,0,0,0,0,0,0,0,0,0,0
172352765,Rogers,northern,US-169,US Route,1,0.0,0.0,property_damage,0.0,0,0.0,0.0,0.0,REAR-END,REAR-END,36.442246,-95.7087562,2017,2017-01-23,17.3,2,0,N,       ,N,N,0,Clear,Daylight,1.0,2,0,No Roadway Departure,0,N,2.0,D,20.0,58.0,M,Y,1.0,Apparently Normal,4.0,0,0,0,Followed too Closely,Human Element,0,0,0,0,0,0,0,0,0,0,0,0,0,0,0,0,1,0,0,0,0,0,0,0,0,0,0,0,0,0,0,0,0,0,0,0,0
172352777,Rogers,northern,SH-88,State Highway,1,0.0,0.0,property_damage,0.0,0,0.0,0.0,0.0,REAR-END,REAR-END,36.4378701,-95.7044994,2017,2017-06-24,17.43,2,0,N,       ,N,N,0,Clear,Daylight,1.0,2,0,No Roadway Departure,0,N,2.0,D,2.0,20.0,M,Y,1.0,Apparently Normal,4.0,0,0,0,Followed too Closely,Human Element,0,0,0,0,0,0,0,0,0,0,0,0,0,0,0,0,1,0,0,0,0,0,0,0,0,0,0,0,0,0,0,0,0,0,0,0,0
172413366,Delaware,northern,US-59,US Route,1,0.0,0.0,property_damage,0.0,0,0.0,0.0,0.0,REAR-END,REAR-END,36.4210322,-94.7999726,2017,2017-08-23,7.45,2,0,N,       ,N,N,0,Clear,Daylight,1.0,4,0,No Roadway Departure,0,Y,0.0,D,4.0,0.0,9,Y,1.0,Unknown,99.0,0,0,0,Followed too Closely,Traffic Condition,0,0,0,0,0,0,0,0,0,0,0,0,0,0,0,0,1,0,0,0,0,0,0,0,0,0,0,0,0,0,0,0,0,0,0,0,0
172512606,Tulsa,northern,US-169,US Route,1,20.0,35.0,property_damage,0.0,0,0.0,0.0,0.0,REAR-END,REAR-END,36.3082738,-95.8212672,2017,2017-08-31,7.3,2,0,N,       ,N,N,0,Clear,Daylight,1.0,5,0,No Roadway Departure,0,N,0.0,D,20.0,28.0,F,Y,1.0,Unknown,99.0,0,0,0,Followed too Closely,Human Element,0,0,0,0,0,0,0,0,0,0,0,0,0,0,0,0,1,0,0,0,0,0,0,0,0,0,0,0,0,0,0,0,0,0,0,0,0
172512613,Tulsa,northern,US-169,US Route,0,72.0,0.0,non_incapacitating_injury,1.0,0,0.0,1.0,0.0,REAR-END,REAR-END,36.2700043,-95.8479048,2017,2017-08-24,7.48,3,0,N,       ,N,N,0,Clear,Daylight,1.0,3,0,No Roadway Departure,0,N,0.0,D,3.0,51.0,M,Y,3.0,Apparently Normal,4.0,0,0,0,Followed too Closely,Traffic Condition,0,0,0,0,0,0,0,0,0,0,0,0,0,0,0,0,1,0,0,0,0,0,0,0,0,0,0,0,0,0,0,0,0,0,0,0,0
172543606,Delaware,northern,US-59,US Route,1,0.0,0.0,property_damage,0.0,0,0.0,0.0,0.0,REAR-END,REAR-END,36.6105768,-94.8013887,2017,2017-07-25,10.3,2,0,N,       ,N,N,0,Clear,Daylight,1.0,2,0,No Roadway Departure,0,N,0.0,D,4.0,90.0,M,Y,1.0,Apparently Normal,4.0,1,0,0,Followed too Closely,Human Element,0,0,0,0,0,0,0,0,0,0,0,0,0,0,0,0,1,0,0,0,0,0,0,0,0,0,0,0,0,0,0,0,0,0,0,0,0
172543665,Sequoyah,southern,US-59,US Route,0,0.0,0.0,possible_injury,0.0,0,0.0,0.0,2.0,REAR-END,REAR-END,35.4795467,-94.7817384,2017,2017-08-23,8.2,2,0,N,       ,N,N,0,Rain,Daylight,1.0,3,0,No Roadway Departure,0,N,0.0,D,20.0,20.0,M,Y,1.0,Apparently Normal,4.0,0,0,0,Followed too Closely,Human Element,0,0,0,0,0,0,0,0,0,0,0,0,0,0,0,0,1,0,0,0,0,0,0,0,0,0,0,0,0,0,0,0,0,0,1,0,0
172543678,Delaware,northern,US-59,US Route,1,0.0,0.0,property_damage,0.0,0,0.0,0.0,0.0,REAR-END,REAR-END,36.5743718,-94.7691646,2017,2017-08-22,8.05,2,0,N,       ,N,N,0,Rain,Daylight,2.0,3,0,No Roadway Departure,0,N,0.0,D,2.0,28.0,M,Y,1.0,Apparently Normal,4.0,0,0,0,Followed too Closely,Human Element,0,0,0,0,0,0,0,0,0,0,0,0,0,0,0,0,1,0,0,0,0,0,0,0,0,0,0,0,0,0,0,0,0,0,1,0,0
172643890,Tulsa,northern,SH-20,State Highway,0,0.0,0.0,possible_injury,0.0,0,0.0,0.0,1.0,REAR-END,REAR-END,36.3656547,-95.9119833,2017,2017-07-18,17.34,2,0,N,       ,N,N,0,Clear,Daylight,1.0,2,0,No Roadway Departure,0,N,0.0,D,4.0,21.0,M,Y,1.0,Apparently Normal,4.0,0,0,0,Followed too Closely,Traffic Condition,0,0,0,0,0,0,0,0,0,0,0,0,0,0,0,0,1,0,0,0,0,0,0,0,0,0,0,0,0,0,0,0,0,0,0,0,0
172651280,Washington,northern,US-60,US Route,1,0.0,0.0,possible_injury,0.0,0,0.0,0.0,3.0,REAR-END,REAR-END,36.7461756,-95.9684964,2017,2017-08-09,17.0,2,0,N,       ,N,N,0,Cloudy,Daylight,1.0,4,0,No Roadway Departure,0,N,0.0,D,4.0,46.0,M,Y,1.0,Apparently Normal,4.0,0,0,0,Followed too Closely,Human Element,0,0,0,0,0,0,0,0,0,0,0,0,0,0,0,0,1,0,0,0,0,0,0,0,0,0,0,0,0,0,0,0,0,0,0,0,0
172651297,Washington,northern,US-60,US Route,1,0.0,0.0,non_incapacitating_injury,1.0,0,0.0,1.0,0.0,REAR-END,REAR-END,36.7462014,-95.9722743,2017,2017-08-28,15.17,2,0,N,       ,N,N,0,Cloudy,Daylight,1.0,2,0,No Roadway Departure,0,N,0.0,D,20.0,64.0,M,Y,1.0,Apparently Normal,4.0,0,0,0,Followed too Closely,Human Element,0,0,0,0,0,0,0,0,0,0,0,0,0,0,0,0,1,0,0,0,0,0,0,0,0,0,0,0,0,0,0,0,0,0,0,0,0
172651301,Washington,northern,US-75,US Route,0,0.0,0.0,property_damage,0.0,0,0.0,0.0,0.0,REAR-END,REAR-END,36.7493307,-95.9354476,2017,2017-08-25,13.15,2,0,N,       ,N,N,0,Clear,Daylight,1.0,3,0,No Roadway Departure,0,N,0.0,D,2.0,53.0,F,Y,1.0,Apparently Normal,4.0,0,0,0,Followed too Closely,Traffic Condition,0,0,0,0,0,0,0,0,0,0,0,0,0,0,0,0,1,0,0,0,0,0,0,0,0,0,0,0,0,0,0,0,0,0,0,0,0
172651302,Washington,northern,,City Street,7,0.0,0.0,non_incapacitating_injury,1.0,0,0.0,1.0,1.0,REAR-END,REAR-END,36.74228939,-95.9533635,2017,2017-08-25,9.11,3,0,N,       ,N,N,0,Cloudy,Daylight,1.0,3,0,No Roadway Departure,0,N,0.0,D,20.0,29.0,F,Y,3.0,Apparently Normal,4.0,0,0,0,Followed too Closely,Human Element,0,0,0,0,0,0,0,0,0,0,0,0,0,0,0,0,1,0,0,0,0,0,0,0,0,0,0,0,0,0,0,0,0,0,0,0,0
172651303,Washington,northern,US-75,US Route,1,0.0,0.0,property_damage,0.0,0,0.0,0.0,0.0,REAR-END,REAR-END,36.7367189,-95.9352812,2017,2017-08-25,6.0,2,0,N,       ,N,N,0,Clear,Daylight,1.0,4,0,No Roadway Departure,0,N,0.0,D,20.0,0.0,F,Y,1.0,Unknown,99.0,0,0,0,Followed too Closely,Human Element,0,0,0,0,0,0,0,0,0,0,0,0,0,0,0,0,1,0,0,0,0,0,0,0,0,0,0,0,0,0,0,0,0,0,0,0,0
172651304,Washington,northern,,City Street,8,0.0,0.0,non_incapacitating_injury,1.0,0,0.0,1.0,2.0,REAR-END,REAR-END,36.7135448,-95.94911473,2017,2017-08-23,17.0,2,0,N,       ,N,N,0,Clear,Daylight,1.0,3,0,No Roadway Departure,0,N,0.0,D,2.0,20.0,F,Y,3.0,Apparently Normal,4.0,0,0,0,Followed too Closely,Traffic Condition,0,0,0,0,0,0,0,0,0,0,0,0,0,0,0,0,1,0,0,0,0,0,0,0,0,0,0,0,0,0,0,0,0,0,0,0,0
172651306,Washington,northern,US-75,US Route,1,0.0,0.0,property_damage,0.0,0,0.0,0.0,0.0,REAR-END,REAR-END,36.7504906,-95.9354435,2017,2017-08-19,19.25,2,0,N,       ,N,N,0,Clear,Daylight,1.0,2,0,No Roadway Departure,0,N,0.0,D,2.0,80.0,F,Y,1.0,Apparently Normal,4.0,1,0,0,Followed too Closely,Human Element,0,0,0,0,0,0,0,0,0,0,0,0,0,0,0,0,1,0,0,0,0,0,0,0,0,0,0,0,0,0,0,0,0,0,0,0,0
172651307,Washington,northern,US-75,US Route,0,0.0,0.0,possible_injury,0.0,0,0.0,0.0,2.0,RIGHT-ANGLE,RIGHT-ANGLE,36.7297593,-95.9352357,2017,2017-08-18,18.25,2,0,N,       ,N,N,0,Clear,Daylight,1.0,1,0,No Roadway Departure,0,N,0.0,D,2.0,18.0,F,Y,1.0,Apparently Normal,4.0,0,1,0,Followed too Closely,Human Element,0,0,0,0,0,0,0,0,0,0,0,0,0,0,0,0,1,0,0,0,0,0,0,0,0,0,0,0,0,0,0,0,0,0,0,0,0
172651308,Washington,northern,US-75,US Route,1,0.0,0.0,possible_injury,0.0,0,0.0,0.0,1.0,REAR-END,REAR-END,36.7504906,-95.9354435,2017,2017-08-18,14.02,2,0,N,       ,N,N,0,Clear,Daylight,2.0,2,0,No Roadway Departure,0,N,0.0,D,1.0,19.0,F,Y,1.0,Apparently Normal,4.0,0,1,0,Followed too Closely,Human Element,0,0,0,0,0,0,0,0,0,0,0,0,0,0,0,0,1,0,0,0,0,0,0,0,0,0,0,0,0,0,0,0,0,0,0,0,0
172651363,Tulsa,northern,SH-135,State Highway,1,0.0,0.0,property_damage,0.0,0,0.0,0.0,0.0,REAR-END,REAR-END,36.2640407,-95.85042,2017,2017-09-08,6.17,2,0,N,       ,N,N,0,Clear,Dark / Lighted,1.0,2,0,No Roadway Departure,0,N,0.0,D,4.0,35.0,M,Y,1.0,Apparently Normal,4.0,0,0,0,Followed too Closely,Human Element,0,0,0,0,0,0,0,0,0,0,0,0,0,0,0,0,1,0,0,0,0,0,0,0,0,0,0,0,0,0,0,0,0,0,0,0,0
172651364,Tulsa,northern,US-169,US Route,1,21.0,0.0,possible_injury,0.0,0,0.0,0.0,1.0,REAR-END,REAR-END,36.2933998,-95.83335,2017,2017-09-08,18.15,3,0,N,       ,N,N,0,Clear,Dark / Lighted,1.0,2,0,No Roadway Departure,0,N,0.0,D,2.0,17.0,M,Y,1.0,Apparently Normal,4.0,0,1,0,Followed too Closely,Human Element,0,0,0,0,0,0,0,0,0,0,0,0,0,0,0,0,1,0,0,0,0,0,0,0,0,0,0,0,0,0,0,0,0,0,0,0,0
172712095,Mayes,northern,US-69,US Route,1,0.0,0.0,property_damage,0.0,0,0.0,0.0,0.0,REAR-END,REAR-END,36.2904088,-95.3251053,2017,2017-09-05,11.45,2,0,N,       ,N,N,0,Clear,Daylight,1.0,2,0,No Roadway Departure,0,N,0.0,D,2.0,83.0,F,Y,1.0,Apparently Normal,4.0,1,0,0,Followed too Closely,Human Element,0,0,0,0,0,0,0,0,0,0,0,0,0,0,0,0,1,0,0,0,0,0,0,0,0,0,0,0,0,0,0,0,0,0,0,0,0
172723544,Washington,northern,US-75,US Route,0,0.0,0.0,property_damage,0.0,0,0.0,0.0,0.0,REAR-END,REAR-END,36.8039604,-95.9356227,2017,2017-09-26,7.59,2,1,N,       ,N,N,0,Cloudy,Daylight,1.0,3,0,No Roadway Departure,0,N,0.0,D,5.0,35.0,M,Y,1.0,Apparently Normal,4.0,0,0,0,Followed too Closely,Traffic Condition,0,0,0,0,0,0,0,0,0,0,0,0,0,0,0,0,1,0,0,0,0,0,0,0,0,0,0,0,0,0,0,0,0,0,0,0,0
172723961,Tulsa,northern,US-169,US Route,0,0.0,0.0,property_damage,0.0,0,0.0,0.0,0.0,REAR-END,REAR-END,36.2638943,-95.8479254,2017,2017-09-14,7.3,2,0,N,       ,N,N,0,Clear,Daylight,1.0,2,0,No Roadway Departure,0,N,0.0,D,2.0,22.0,M,Y,1.0,Apparently Normal,99.0,0,0,0,Followed too Closely,Traffic Condition,0,0,0,0,0,0,0,0,0,0,0,0,0,0,0,0,1,0,0,0,0,0,0,0,0,0,0,0,0,0,0,0,0,0,0,0,0
172723962,Tulsa,northern,,City Street,6,0.0,0.0,property_damage,0.0,0,0.0,0.0,0.0,REAR-END,REAR-END,36.2930244,-95.83890487,2017,2017-09-14,14.22,3,0,N,       ,N,N,0,Clear,Daylight,1.0,2,0,No Roadway Departure,0,N,0.0,D,20.0,27.0,M,Y,1.0,Apparently Normal,4.0,0,0,0,Followed too Closely,Human Element,0,0,0,0,0,0,0,0,0,0,0,0,0,0,0,0,1,0,0,0,0,0,0,0,0,0,0,0,0,0,0,0,0,0,0,0,0
172723964,Tulsa,northern,US-169,US Route,0,0.0,0.0,property_damage,0.0,0,0.0,0.0,0.0,REAR-END,REAR-END,36.2647671,-95.8479224,2017,2017-09-15,7.35,3,0,N,       ,N,N,0,Clear,Daylight,1.0,2,0,No Roadway Departure,0,N,0.0,D,4.0,60.0,M,Y,1.0,Apparently Normal,4.0,0,0,0,Followed too Closely,Human Element,0,0,0,0,0,0,0,0,0,0,0,0,0,0,0,0,1,0,0,0,0,0,0,0,0,0,0,0,0,0,0,0,0,0,0,0,0
172723967,Tulsa,northern,US-169,US Route,1,20.0,0.0,property_damage,0.0,0,0.0,0.0,0.0,REAR-END,REAR-END,36.2641852,-95.8479244,2017,2017-09-17,14.22,2,0,N,       ,N,N,0,Clear,Daylight,2.0,2,0,No Roadway Departure,0,N,0.0,D,2.0,24.0,M,Y,1.0,Apparently Normal,4.0,0,0,0,Followed too Closely,Weather Condition,0,0,0,0,0,0,0,0,0,0,0,0,0,0,0,0,1,0,0,0,0,0,0,0,0,0,0,0,0,0,0,0,0,0,0,0,0
172723970,Tulsa,northern,,City Street,6,5.0,0.0,possible_injury,0.0,0,0.0,0.0,1.0,REAR-END,REAR-END,36.264046,-95.85597457,2017,2017-09-17,12.48,2,0,Y,       ,N,N,0,Rain,Daylight,2.0,2,0,No Roadway Departure,0,N,0.0,D,20.0,35.0,F,Y,1.0,Apparently Normal,4.0,0,0,0,Followed too Closely,Traffic Condition,0,0,0,0,0,0,0,0,0,0,0,0,0,0,0,0,1,0,0,0,0,0,0,0,0,0,0,0,0,0,0,0,0,0,1,0,0
172751225,Mayes,northern,US-69,US Route,0,0.0,0.0,property_damage,0.0,0,0.0,0.0,0.0,REAR-END,REAR-END,36.1886195,-95.3423588,2017,2017-08-15,8.0,2,0,N,       ,N,N,0,Clear,Daylight,1.0,2,0,No Roadway Departure,0,N,0.0,D,4.0,17.0,M,Y,1.0,Apparently Normal,99.0,0,1,0,Followed too Closely,Human Element,0,0,0,0,0,0,0,0,0,0,0,0,0,0,0,0,1,0,0,0,0,0,0,0,0,0,0,0,0,0,0,0,0,0,0,0,0
172751284,Mayes,northern,SH-28,State Highway,1,0.0,0.0,property_damage,0.0,0,0.0,0.0,0.0,REAR-END,REAR-END,36.4812384,-95.0679055,2017,2017-09-28,14.41,2,0,N,       ,N,N,0,Rain,Daylight,2.0,4,0,No Roadway Departure,0,N,2.0,D,2.0,21.0,F,Y,1.0,Apparently Normal,4.0,0,0,0,Followed too Closely,Weather Condition,0,0,0,0,0,0,0,0,0,0,0,0,0,0,0,0,1,0,0,0,0,0,0,0,0,0,0,0,0,0,0,0,0,0,1,0,0
172751324,Mayes,northern,US-69,US Route,1,0.0,0.0,property_damage,0.0,0,0.0,0.0,0.0,REAR-END,REAR-END,36.1902066,-95.3421918,2017,2017-02-08,13.24,2,1,N,       ,N,N,0,Clear,Daylight,1.0,2,0,No Roadway Departure,0,N,0.0,D,4.0,58.0,M,Y,1.0,Unknown,4.0,0,0,0,Followed too Closely,Human Element,0,0,0,0,0,0,0,0,0,0,0,0,0,0,0,0,1,0,0,0,0,0,0,0,0,0,0,0,0,0,0,0,0,0,0,0,0
172751332,Mayes,northern,US-69,US Route,1,0.0,0.0,property_damage,0.0,0,0.0,0.0,0.0,REAR-END,REAR-END,36.1753402,-95.3419558,2017,2017-06-11,16.3,2,0,N,       ,N,N,0,Clear,Daylight,1.0,5,0,No Roadway Departure,0,N,0.0,D,20.0,43.0,M,Y,1.0,Apparently Normal,4.0,0,0,0,Followed too Closely,Traffic Condition,0,0,0,0,0,0,0,0,0,0,0,0,0,0,0,0,1,0,0,0,0,0,0,0,0,0,0,0,0,0,0,0,0,0,0,0,0
172821576,Washington,northern,US-75,US Route,1,0.0,0.0,property_damage,0.0,0,0.0,0.0,0.0,REAR-END,REAR-END,36.7110572,-95.9351478,2017,2017-09-30,14.04,2,0,N,       ,N,N,0,Clear,Daylight,1.0,2,0,No Roadway Departure,0,N,0.0,D,4.0,20.0,M,Y,1.0,Apparently Normal,4.0,0,0,0,Followed too Closely,Human Element,0,0,0,0,0,0,0,0,0,0,0,0,0,0,0,0,1,0,0,0,0,0,0,0,0,0,0,0,0,0,0,0,0,0,0,0,0
172821579,Washington,northern,,City Street,6,0.0,0.0,property_damage,0.0,0,0.0,0.0,0.0,REAR-END,REAR-END,36.74253073,-95.93498318,2017,2017-09-28,15.1,2,0,N,       ,N,N,0,Cloudy,Daylight,1.0,4,0,No Roadway Departure,0,N,0.0,D,2.0,72.0,F,Y,1.0,Apparently Normal,4.0,1,0,0,Followed too Closely,Human Element,0,0,0,0,0,0,0,0,0,0,0,0,0,0,0,0,1,0,0,0,0,0,0,0,0,0,0,0,0,0,0,0,0,0,0,0,0
172821583,Washington,northern,,City Street,1,0.0,0.0,property_damage,0.0,0,0.0,0.0,0.0,REAR-END,REAR-END,36.7347819,-95.9778546,2017,2017-09-26,18.29,2,0,N,       ,N,N,0,Clear,Daylight,2.0,4,0,No Roadway Departure,0,N,0.0,D,1.0,23.0,M,Y,1.0,Apparently Normal,4.0,0,0,0,Followed too Closely,Weather Condition,0,0,0,0,0,0,0,0,0,0,0,0,0,0,0,0,1,0,0,0,0,0,0,0,0,0,0,0,0,0,0,0,0,0,0,0,0
172821586,Washington,northern,,City Street,8,0.0,0.0,property_damage,0.0,0,0.0,0.0,0.0,REAR-END,REAR-END,36.7181579,-95.96212903,2017,2017-09-26,11.19,3,0,N,       ,N,N,0,Rain,Daylight,2.0,2,0,No Roadway Departure,0,N,0.0,D,2.0,17.0,F,Y,1.0,Apparently Normal,4.0,0,1,0,Followed too Closely,Weather Condition,0,0,0,0,0,0,0,0,0,0,0,0,0,0,0,0,1,0,0,0,0,0,0,0,0,0,0,0,0,0,0,0,0,0,1,0,0
172821587,Washington,northern,,City Street,8,0.0,0.0,property_damage,0.0,0,0.0,0.0,0.0,REAR-END,REAR-END,36.7181579,-95.96212903,2017,2017-09-26,11.07,2,0,N,       ,N,N,0,Rain,Daylight,2.0,2,0,No Roadway Departure,0,N,0.0,D,2.0,17.0,M,Y,1.0,Apparently Normal,4.0,0,1,0,Followed too Closely,Human Element,0,0,0,0,0,0,0,0,0,0,0,0,0,0,0,0,1,0,0,0,0,0,0,0,0,0,0,0,0,0,0,0,0,0,1,0,0
172821590,Washington,northern,,City Street,5,0.0,0.0,property_damage,0.0,0,0.0,0.0,0.0,REAR-END,REAR-END,36.74276921,-95.9295869,2017,2017-09-25,13.11,2,0,N,       ,N,N,0,Clear,Daylight,1.0,4,0,No Roadway Departure,0,N,0.0,D,4.0,35.0,F,Y,1.0,Apparently Normal,4.0,0,0,0,Followed too Closely,Human Element,0,0,0,0,0,0,0,0,0,0,0,0,0,0,0,0,1,0,0,0,0,0,0,0,0,0,0,0,0,0,0,0,0,0,0,0,0
172821602,Washington,northern,,City Street,6,0.0,0.0,property_damage,0.0,0,0.0,0.0,0.0,REAR-END,REAR-END,36.7388862,-95.98848217,2017,2017-09-16,13.3,2,0,N,       ,N,N,0,Clear,Daylight,1.0,4,0,No Roadway Departure,0,N,0.0,D,2.0,33.0,M,Y,1.0,Apparently Normal,4.0,0,0,0,Followed too Closely,Human Element,0,0,0,0,0,0,0,0,0,0,0,0,0,0,0,0,1,0,0,0,0,0,0,0,0,0,0,0,0,0,0,0,0,0,0,0,0
172821608,Washington,northern,,City Street,1,0.0,0.0,property_damage,0.0,0,0.0,0.0,0.0,REAR-END,REAR-END,36.7471723,-95.9740767,2017,2017-09-13,12.45,2,0,N,       ,N,N,0,Clear,Daylight,1.0,2,0,No Roadway Departure,0,N,0.0,D,20.0,30.0,F,Y,1.0,Apparently Normal,4.0,0,0,0,Followed too Closely,Human Element,0,0,0,0,0,0,0,0,0,0,0,0,0,0,0,0,1,0,0,0,0,0,0,0,0,0,0,0,0,0,0,0,0,0,0,0,0
172850943,Tulsa,northern,US-169,US Route,0,72.0,0.0,property_damage,0.0,0,0.0,0.0,0.0,REAR-END,REAR-END,36.2614212,-95.8479337,2017,2017-09-29,6.5,2,0,N,       ,N,N,0,Clear,Daylight,1.0,2,0,No Roadway Departure,0,N,0.0,D,2.0,21.0,M,Y,1.0,Apparently Normal,4.0,0,0,0,Followed too Closely,Human Element,0,0,0,0,0,0,0,0,0,0,0,0,0,0,0,0,1,0,0,0,0,0,0,0,0,0,0,0,0,0,0,0,0,0,0,0,0
172850945,Craig,northern,US-60,US Route,1,0.0,0.0,property_damage,0.0,0,0.0,0.0,0.0,REAR-END,REAR-END,36.6379469,-95.1522022,2017,2017-09-19,9.29,2,1,N,       ,N,N,0,Clear,Daylight,1.0,3,0,No Roadway Departure,0,N,2.0,D,4.0,37.0,M,Y,1.0,Apparently Normal,4.0,0,0,0,Followed too Closely,Human Element,0,0,0,0,0,0,0,0,0,0,0,0,0,0,0,0,1,0,0,0,0,0,0,0,0,0,0,0,0,0,0,0,0,0,0,0,0