crash_id,county,region,highway_name,highway_class,intersection_rel,special_feature_1,special_feature_2,severity_level,visual_injured_num,fatal_num,suspected_serious_injured_num,non_incapacitated_injured_num,possibly_injured_num,crash_type,main_crash_type,latitude,longitude,year,date,time,number_of_vehicles,number_of_commercial_vehicles,work_zone,railroad_crossing,alcohol,drug,Alcohol or Drug,weather_condition,lighting_condition,road_condition,manner_of_collision,pedestrians_num,roadway_departure,cross_centerline,hit_and_run,emergency_vehicle_use,unit_type,vehicle_type,age,sex,driver_of_vehicle,injury_severity,person_condition,restraint_use,older_driver,teen_driver,Sleepy/Ill/Dizzy Driver,unsafe_unlaw_category,unsafe_unlaw_desc,Abnormal Traffic Control,Alcohol-DUI/DWI,Animal in Roadway,Apparently Sleepy,Avoiding Other Vehicle,Avoiding Pedestrian,Changed Lanes Unsafely,Deer in Roadway,Defect in Roadway,Disregarded Warning Signal,Domestic Animal in Roadway,Drug-DUI,Failed to Secure Load,Failed to Signal,Failed to Stop,Failed to Yield,Followed too Closely,Improper Backing,Improper Bicyclist Action,Improper Overtaking,Improper Parking,Improper Start From,Improper Turn,Improper Use of Lane,Distraction,Left of Center,No Improper Action by Driver,Object/Debris in Roadway,Other Improper Act/Movement,Pedestrian Action,Stopped in Traffic Lane,Speeding,Unsafe Vehicle,Wrong Way,Bad Weather,Bad Lighting,Bad Road Condition
190351275,Cherokee,southern,,City Street,8,99.0,80.0,property_damage,0.0,0,0.0,0.0,0.0,REAR-END,REAR-END,35.9212739,-94.97597323,2018,2018-10-25,15.27,3,0,N,       ,N,N,0,Rain,Daylight,2.0,2,0,No Roadway Departure,0,N,0.0,D,20.0,17.0,F,Y,1.0,Apparently Normal,4.0,0,1,0,Followed too Closely,Human Element,0,0,0,0,0,0,0,0,0,0,0,0,0,0,0,0,1,0,0,0,0,0,0,0,0,0,0,0,0,0,0,0,0,0,1,0,0
190351340,Washington,northern,US-75,US Route,1,0.0,0.0,property_damage,0.0,0,0.0,0.0,0.0,REAR-END,REAR-END,36.7110572,-95.9351478,2019,2019-01-20,18.0,2,0,N,       ,N,N,0,Clear,Dusk,1.0,2,0,No Roadway Departure,0,N,0.0,D,4.0,24.0,M,Y,1.0,Apparently Normal,4.0,0,0,0,Followed too Closely,Human Element,0,0,0,0,0,0,0,0,0,0,0,0,0,0,0,0,1,0,0,0,0,0,0,0,0,0,0,0,0,0,0,0,0,0,0,1,0
190351356,Washington,northern,US-60,US Route,0,5.0,0.0,property_damage,0.0,0,0.0,0.0,0.0,REAR-END,REAR-END,36.7461709,-95.9636367,2019,2019-01-10,14.02,2,0,N,       ,N,N,0,Cloudy,Daylight,1.0,2,0,No Roadway Departure,0,N,0.0,D,21.0,26.0,F,Y,1.0,Apparently Normal,4.0,0,0,0,Followed too Closely,Traffic Condition,0,0,0,0,0,0,0,0,0,0,0,0,0,0,0,0,1,0,0,0,0,0,0,0,0,0,0,0,0,0,0,0,0,0,0,0,0
190442151,Tulsa,northern,US-169,US Route,1,21.0,0.0,property_damage,0.0,0,0.0,0.0,0.0,REAR-END,REAR-END,36.2930822,-95.833762,2019,2019-01-31,19.4,2,0,N,       ,N,N,0,Clear,Dark / Unlighted,1.0,2,0,No Roadway Departure,0,N,0.0,D,4.0,20.0,M,Y,1.0,Apparently Normal,4.0,0,0,0,Followed too Closely,Human Element,0,0,0,0,0,0,0,0,0,0,0,0,0,0,0,0,1,0,0,0,0,0,0,0,0,0,0,0,0,0,0,0,0,0,0,1,0
190442180,Tulsa,northern,,City Street,1,99.0,80.0,property_damage,0.0,0,0.0,0.0,0.0,REAR-END,REAR-END,36.3220643,-95.8481461,2018,2018-02-03,16.32,2,0,N,       ,N,N,0,Clear,Daylight,1.0,2,0,No Roadway Departure,0,N,0.0,D,2.0,28.0,M,Y,1.0,Apparently Normal,4.0,0,0,0,Followed too Closely,Human Element,0,0,0,0,0,0,0,0,0,0,0,0,0,0,0,0,1,0,0,0,0,0,0,0,0,0,0,0,0,0,0,0,0,0,0,0,0
190442184,Tulsa,northern,US-169,US Route,0,1.0,0.0,property_damage,0.0,0,0.0,0.0,0.0,REAR-END,REAR-END,36.267895,-95.8479756,2019,2019-02-02,13.15,2,0,N,       ,N,N,0,Rain,Daylight,2.0,4,0,No Roadway Departure,0,N,0.0,D,4.0,73.0,M,Y,1.0,Apparently Normal,4.0,1,0,0,Followed too Closely,Weather Condition,0,0,0,0,0,0,0,0,0,0,0,0,0,0,0,0,1,0,0,0,0,0,0,0,0,0,0,0,0,0,0,0,0,0,1,0,0
190500652,Sequoyah,southern,US-59,US Route,1,0.0,0.0,property_damage,0.0,0,0.0,0.0,0.0,REAR-END,REAR-END,35.457243,-94.8071775,2019,2019-01-22,15.3,2,0,N,       ,N,N,0,Rain,Daylight,2.0,4,0,No Roadway Departure,0,N,0.0,D,2.0,47.0,F,Y,1.0,Unknown,99.0,0,0,0,Followed too Closely,Weather Condition,0,0,0,0,0,0,0,0,0,0,0,0,0,0,0,0,1,0,0,0,0,0,0,0,0,0,0,0,0,0,0,0,0,0,1,0,0
190561120,Rogers,northern,SH-20,State Highway,1,0.0,0.0,property_damage,0.0,0,0.0,0.0,0.0,REAR-END,REAR-END,36.3095482,-95.6326837,2019,2019-01-11,15.01,2,0,N,       ,N,N,0,Rain,Daylight,2.0,2,0,No Roadway Departure,0,N,0.0,D,2.0,51.0,F,Y,1.0,Apparently Normal,4.0,0,0,0,Followed too Closely,Weather Condition,0,0,0,0,0,0,0,0,0,0,0,0,0,0,0,0,1,0,0,0,0,0,0,0,0,0,0,0,0,0,0,0,0,0,1,0,0
190561144,Craig,northern,US-60,US Route,0,0.0,0.0,property_damage,0.0,0,0.0,0.0,0.0,REAR-END,REAR-END,36.6385584,-95.1538145,2019,2019-01-27,14.26,2,0,N,       ,N,N,0,Clear,Daylight,1.0,2,0,Fixed Object,0,N,2.0,D,20.0,68.0,F,Y,1.0,Apparently Normal,4.0,1,0,0,Followed too Closely,Human Element,0,0,0,0,0,0,0,0,0,0,0,0,0,0,0,0,1,0,0,0,0,0,0,0,0,0,0,0,0,0,0,0,0,0,0,0,0
190593382,Delaware,northern,US-59,US Route,0,0.0,0.0,property_damage,0.0,0,0.0,0.0,0.0,REAR-END,REAR-END,36.5967525,-94.7827126,2019,2019-01-07,17.49,2,0,N,       ,N,N,0,Cloudy,Daylight,2.0,2,0,No Roadway Departure,0,N,0.0,D,2.0,19.0,M,Y,1.0,Apparently Normal,4.0,0,1,0,Followed too Closely,Human Element,0,0,0,0,0,0,0,0,0,0,0,0,0,0,0,0,1,0,0,0,0,0,0,0,0,0,0,0,0,0,0,0,0,0,0,0,0
190593388,Delaware,northern,US-59,US Route,0,1.0,0.0,property_damage,0.0,0,0.0,0.0,0.0,REAR-END,REAR-END,36.5989168,-94.7856185,2019,2019-01-17,7.59,2,0,N,       ,N,N,0,Rain,Daylight,2.0,2,0,No Roadway Departure,0,N,0.0,D,4.0,46.0,M,Y,1.0,Apparently Normal,4.0,0,0,0,Followed too Closely,Weather Condition,0,0,0,0,0,0,0,0,0,0,0,0,0,0,0,0,1,0,0,0,0,0,0,0,0,0,0,0,0,0,0,0,0,0,1,0,0
190593411,Tulsa,northern,US-169,US Route,0,72.0,0.0,property_damage,0.0,0,0.0,0.0,0.0,REAR-END,REAR-END,36.2693456,-95.847969,2019,2019-02-11,6.58,2,0,N,       ,N,N,0,Rain,Daylight,2.0,2,0,No Roadway Departure,0,N,0.0,D,2.0,53.0,F,Y,1.0,Apparently Normal,4.0,0,0,0,Followed too Closely,Weather Condition,0,0,0,0,0,0,0,0,0,0,0,0,0,0,0,0,1,0,0,0,0,0,0,0,0,0,0,0,0,0,0,0,0,0,1,0,0
190655150,Sequoyah,southern,US-64,US Route,1,0.0,0.0,property_damage,0.0,0,0.0,0.0,0.0,REAR-END,REAR-END,35.405068,-94.5215497,2019,2019-02-27,7.03,2,0,N,       ,N,N,0,Rain,Dawn,2.0,2,0,No Roadway Departure,0,N,0.0,D,4.0,37.0,M,Y,1.0,Apparently Normal,4.0,0,0,0,Followed too Closely,Human Element,0,0,0,0,0,0,0,0,0,0,0,0,0,0,0,0,1,0,0,0,0,0,0,0,0,0,0,0,0,0,0,0,0,0,1,1,0
190675675,Tulsa,northern,,City Street,6,80.0,99.0,property_damage,0.0,0,0.0,0.0,0.0,REAR-END,REAR-END,36.3220708,-95.82979817,2019,2019-02-23,13.59,2,0,N,       ,N,N,0,Clear,Daylight,1.0,2,0,No Roadway Departure,0,N,0.0,D,1.0,16.0,M,Y,1.0,Apparently Normal,4.0,0,1,0,Followed too Closely,Traffic Condition,0,0,0,0,0,0,0,0,0,0,0,0,0,0,0,0,1,0,0,0,0,0,0,0,0,0,0,0,0,0,0,0,0,0,0,0,0
190721197,Tulsa,northern,US-169,US Route,1,21.0,0.0,property_damage,0.0,0,0.0,0.0,0.0,REAR-END,REAR-END,36.2930822,-95.833762,2019,2019-02-28,7.47,2,0,N,       ,N,N,0,Cloudy,Daylight,3.0,2,0,No Roadway Departure,0,N,0.0,D,2.0,29.0,M,Y,1.0,Apparently Normal,4.0,0,0,0,Followed too Closely,Weather Condition,0,0,0,0,0,0,0,0,0,0,0,0,0,0,0,0,1,0,0,0,0,0,0,0,0,0,0,0,0,0,0,0,0,0,0,0,1
190721198,Tulsa,northern,US-169,US Route,1,20.0,0.0,property_damage,0.0,0,0.0,0.0,0.0,REAR-END,REAR-END,36.2783361,-95.8478275,2019,2019-02-27,23.06,2,0,N,       ,N,N,0,Sleet/Hail/Freezing Rain,Dark / Lighted,3.0,5,0,No Roadway Departure,0,N,0.0,D,2.0,28.0,F,Y,1.0,Apparently Normal,4.0,0,0,0,Followed too Closely,Weather Condition,0,0,0,0,0,0,0,0,0,0,0,0,0,0,0,0,1,0,0,0,0,0,0,0,0,0,0,0,0,0,0,0,0,0,1,0,1
190772269,Rogers,northern,SH-167,State Highway,1,0.0,0.0,property_damage,0.0,0,0.0,0.0,0.0,REAR-END,REAR-END,36.1768735,-95.7608559,2019,2019-02-22,16.03,2,0,N,       ,N,N,0,Rain,Daylight,2.0,2,0,No Roadway Departure,0,N,0.0,D,2.0,19.0,M,Y,1.0,Apparently Normal,4.0,0,1,0,Followed too Closely,Human Element,0,0,0,0,0,0,0,0,0,0,0,0,0,0,0,0,1,0,0,0,0,0,0,0,0,0,0,0,0,0,0,0,0,0,1,0,0
190793464,Washington,northern,US-75,US Route,1,0.0,0.0,property_damage,0.0,0,0.0,0.0,0.0,REAR-END,REAR-END,36.7486015,-95.935418,2019,2019-02-11,16.39,2,0,N,       ,N,N,0,Sleet/Hail/Freezing Rain,Daylight,2.0,2,0,No Roadway Departure,0,N,0.0,D,4.0,25.0,F,Y,1.0,Apparently Normal,4.0,0,0,0,Followed too Closely,Weather Condition,0,0,0,0,0,0,0,0,0,0,0,0,0,0,0,0,1,0,0,0,0,0,0,0,0,0,0,0,0,0,0,0,0,0,1,0,0
190793467,Washington,northern,,City Street,1,80.0,99.0,property_damage,0.0,0,0.0,0.0,0.0,REAR-END,REAR-END,36.7510292,-95.976015,2019,2019-02-05,17.08,2,0,N,       ,N,N,0,Sleet/Hail/Freezing Rain,Daylight,2.0,2,0,No Roadway Departure,0,N,0.0,D,1.0,16.0,M,Y,1.0,Unknown,4.0,0,1,0,Followed too Closely,Human Element,0,0,0,0,0,0,0,0,0,0,0,0,0,0,0,0,1,0,0,0,0,0,0,0,0,0,0,0,0,0,0,0,0,0,1,0,0
190932075,Sequoyah,southern,US-59,US Route,1,0.0,0.0,possible_injury,0.0,0,0.0,0.0,1.0,REAR-END,REAR-END,35.4603303,-94.7925151,2019,2019-03-01,12.2,2,0,N,       ,N,N,0,Clear,Daylight,1.0,2,0,No Roadway Departure,0,N,0.0,D,2.0,20.0,M,Y,1.0,Apparently Normal,4.0,0,0,0,Followed too Closely,Human Element,0,0,0,0,0,0,0,0,0,0,0,0,0,0,0,0,1,0,0,0,0,0,0,0,0,0,0,0,0,0,0,0,0,0,0,0,0
190951862,Cherokee,southern,US-62,US Route,1,0.0,0.0,property_damage,0.0,0,0.0,0.0,0.0,REAR-END,REAR-END,35.8881524,-94.9769674,2018,2018-11-02,10.09,2,0,N,       ,N,N,0,Clear,Daylight,1.0,2,0,No Roadway Departure,0,N,0.0,D,4.0,16.0,F,Y,1.0,Apparently Normal,4.0,0,1,0,Followed too Closely,Human Element,0,0,0,0,0,0,0,0,0,0,0,0,0,0,0,0,1,0,0,0,0,0,0,0,0,0,0,0,0,0,0,0,0,0,0,0,0
190951865,Cherokee,southern,US-62,US Route,1,0.0,0.0,property_damage,0.0,0,0.0,0.0,0.0,REAR-END,REAR-END,35.8900582,-94.9769327,2018,2018-11-07,15.22,2,0,N,       ,N,N,0,Clear,Daylight,1.0,2,0,No Roadway Departure,0,N,0.0,D,4.0,61.0,M,Y,1.0,Apparently Normal,4.0,0,0,0,Followed too Closely,Human Element,0,0,0,0,0,0,0,0,0,0,0,0,0,0,0,0,1,0,0,0,0,0,0,0,0,0,0,0,0,0,0,0,0,0,0,0,0
190951888,Cherokee,southern,,City Street,5,80.0,99.0,property_damage,0.0,0,0.0,0.0,0.0,REAR-END,REAR-END,35.90106381,-94.978431,2018,2018-11-29,12.39,2,0,N,       ,N,N,0,Clear,Daylight,1.0,2,0,No Roadway Departure,0,N,0.0,D,2.0,50.0,M,Y,1.0,Apparently Normal,4.0,0,0,0,Followed too Closely,Human Element,0,0,0,0,0,0,0,0,0,0,0,0,0,0,0,0,1,0,0,0,0,0,0,0,0,0,0,0,0,0,0,0,0,0,0,0,0
190951889,Cherokee,southern,,City Street,5,1.0,0.0,possible_injury,0.0,0,0.0,0.0,1.0,REAR-END,REAR-END,35.89511981,-94.976913,2018,2018-11-29,13.15,2,0,N,       ,N,N,0,Clear,Daylight,1.0,4,0,No Roadway Departure,0,N,0.0,D,4.0,19.0,F,Y,1.0,Apparently Normal,4.0,0,1,0,Followed too Closely,Human Element,0,0,0,0,0,0,0,0,0,0,0,0,0,0,0,0,1,0,0,0,0,0,0,0,0,0,0,0,0,0,0,0,0,0,0,0,0
190951903,Cherokee,southern,US-62,US Route,1,0.0,0.0,property_damage,0.0,0,0.0,0.0,0.0,REAR-END,REAR-END,35.9010311,-94.9608228,2018,2018-12-13,16.13,2,0,N,       ,N,N,0,Clear,Daylight,1.0,2,0,No Roadway Departure,0,Y,0.0,D,4.0,0.0,9,Y,1.0,Unknown,99.0,0,0,0,Followed too Closely,Human Element,0,0,0,0,0,0,0,0,0,0,0,0,0,0,0,0,1,0,0,0,0,0,0,0,0,0,0,0,0,0,0,0,0,0,0,0,0
190951905,Cherokee,southern,,City Street,5,0.0,0.0,non_incapacitating_injury,1.0,0,0.0,1.0,0.0,REAR-END,REAR-END,35.89341181,-94.977184,2018,2018-12-14,18.27,3,0,N,       ,N,N,0,Rain,Dark / Lighted,2.0,2,0,No Roadway Departure,0,N,0.0,D,20.0,18.0,M,Y,1.0,Apparently Normal,4.0,0,1,0,Followed too Closely,Weather Condition,0,0,0,0,0,0,0,0,0,0,0,0,0,0,0,0,1,0,0,0,0,0,0,0,0,0,0,0,0,0,0,0,0,0,1,0,0
190951909,Cherokee,southern,US-62,US Route,0,0.0,0.0,possible_injury,0.0,0,0.0,0.0,1.0,REAR-END,REAR-END,35.8966667,-94.9659393,2018,2018-12-17,21.41,2,0,N,       ,N,N,0,Clear,Dark / Unlighted,1.0,3,0,No Roadway Departure,0,N,0.0,D,4.0,49.0,M,Y,1.0,Apparently Normal,4.0,0,0,0,Followed too Closely,Human Element,0,0,0,0,0,0,0,0,0,0,0,0,0,0,0,0,1,0,0,0,0,0,0,0,0,0,0,0,0,0,0,0,0,0,0,1,0
190951910,Cherokee,southern,,City Street,1,0.0,0.0,possible_injury,0.0,0,0.0,0.0,1.0,REAR-END,REAR-END,35.9111309,-94.9720001,2018,2018-12-19,0.05,2,0,N,       ,N,N,0,Clear,Dark / Lighted,1.0,2,0,No Roadway Departure,0,N,0.0,D,4.0,22.0,M,Y,1.0,Apparently Normal,4.0,0,0,0,Followed too Closely,Human Element,0,0,0,0,0,0,0,0,0,0,0,0,0,0,0,0,1,0,0,0,0,0,0,0,0,0,0,0,0,0,0,0,0,0,0,0,0
190951911,Cherokee,southern,SH-82,State Highway,0,0.0,0.0,possible_injury,0.0,0,0.0,0.0,1.0,REAR-END,REAR-END,35.9404178,-94.9668226,2018,2018-12-20,9.1,2,0,N,       ,N,N,0,Clear,Daylight,1.0,3,0,No Roadway Departure,0,N,0.0,D,20.0,39.0,F,Y,1.0,Apparently Normal,4.0,0,0,0,Followed too Closely,Human Element,0,0,0,0,0,0,0,0,0,0,0,0,0,0,0,0,1,0,0,0,0,0,0,0,0,0,0,0,0,0,0,0,0,0,0,0,0
190951951,Washington,northern,,City Street,8,99.0,80.0,property_damage,0.0,0,0.0,0.0,0.0,REAR-END,REAR-END,36.7507051,-95.96790763,2019,2019-03-05,17.22,2,0,N,       ,N,N,0,Clear,Daylight,1.0,2,0,No Roadway Departure,0,N,0.0,D,1.0,17.0,F,Y,1.0,Apparently Normal,4.0,0,1,0,Followed too Closely,Human Element,0,0,0,0,0,0,0,0,0,0,0,0,0,0,0,0,1,0,0,0,0,0,0,0,0,0,0,0,0,0,0,0,0,0,0,0,0
190951957,Washington,northern,US-75,US Route,1,0.0,0.0,property_damage,0.0,0,0.0,0.0,0.0,REAR-END,REAR-END,36.7367194,-95.935279,2019,2019-03-02,16.52,2,0,N,       ,N,N,0,Clear,Daylight,1.0,2,0,No Roadway Departure,0,N,0.0,D,4.0,65.0,M,Y,1.0,Apparently Normal,4.0,1,0,0,Followed too Closely,Human Element,0,0,0,0,0,0,0,0,0,0,0,0,0,0,0,0,1,0,0,0,0,0,0,0,0,0,0,0,0,0,0,0,0,0,0,0,0
190951965,Washington,northern,,City Street,1,99.0,80.0,property_damage,0.0,0,0.0,0.0,0.0,REAR-END,REAR-END,36.7404693,-95.9714156,2019,2019-03-28,14.58,3,0,N,       ,N,N,0,Clear,Daylight,1.0,2,0,No Roadway Departure,0,N,0.0,D,20.0,18.0,F,Y,1.0,Apparently Normal,4.0,0,1,0,Followed too Closely,Human Element,0,0,0,0,0,0,0,0,0,0,0,0,0,0,0,0,1,0,0,0,0,0,0,0,0,0,0,0,0,0,0,0,0,0,0,0,0
190951970,Washington,northern,,City Street,8,99.0,80.0,possible_injury,0.0,0,0.0,0.0,1.0,REAR-END,REAR-END,36.7135328,-95.95360123,2019,2019-03-26,17.34,2,0,N,       ,N,N,0,Clear,Daylight,1.0,2,0,No Roadway Departure,0,N,0.0,D,20.0,16.0,F,Y,1.0,Apparently Normal,4.0,0,1,0,Followed too Closely,Human Element,0,0,0,0,0,0,0,0,0,0,0,0,0,0,0,0,1,0,0,0,0,0,0,0,0,0,0,0,0,0,0,0,0,0,0,0,0
190951985,Tulsa,northern,US-169,US Route,0,72.0,0.0,property_damage,0.0,0,0.0,0.0,0.0,REAR-END,REAR-END,36.2673147,-95.8479783,2019,2019-03-26,8.01,2,0,N,       ,N,N,0,Clear,Daylight,1.0,3,0,No Roadway Departure,0,N,0.0,D,4.0,29.0,M,Y,1.0,Apparently Normal,4.0,0,0,0,Followed too Closely,Traffic Condition,0,0,0,0,0,0,0,0,0,0,0,0,0,0,0,0,1,0,0,0,0,0,0,0,0,0,0,0,0,0,0,0,0,0,0,0,0
190951989,Tulsa,northern,,City Street,5,80.0,99.0,property_damage,0.0,0,0.0,0.0,0.0,REAR-END,REAR-END,36.32234461,-95.8301345,2019,2019-03-26,17.1,3,0,N,       ,N,N,0,Clear,Daylight,1.0,2,0,No Roadway Departure,0,N,0.0,D,2.0,58.0,F,Y,1.0,Apparently Normal,4.0,0,0,0,Followed too Closely,Traffic Condition,0,0,0,0,0,0,0,0,0,0,0,0,0,0,0,0,1,0,0,0,0,0,0,0,0,0,0,0,0,0,0,0,0,0,0,0,0
190981770,Mayes,northern,US-69,US Route,0,0.0,0.0,property_damage,0.0,0,0.0,0.0,0.0,REAR-END,REAR-END,36.2996425,-95.3216133,2019,2019-02-26,12.16,2,0,N,       ,N,N,0,Clear,Daylight,1.0,2,0,No Roadway Departure,0,N,0.0,D,4.0,34.0,M,Y,1.0,Apparently Normal,4.0,0,0,0,Followed too Closely,Human Element,0,0,0,0,0,0,0,0,0,0,0,0,0,0,0,0,1,0,0,0,0,0,0,0,0,0,0,0,0,0,0,0,0,0,0,0,0
190990810,Sequoyah,southern,I-40,Interstate,1,0.0,0.0,property_damage,0.0,0,0.0,0.0,0.0,REAR-END,REAR-END,35.4052852,-94.5255388,2019,2019-03-29,14.36,2,0,N,       ,N,N,0,Cloudy,Daylight,1.0,2,0,No Roadway Departure,0,N,0.0,D,2.0,19.0,F,Y,1.0,Apparently Normal,4.0,0,1,0,Followed too Closely,Human Element,0,0,0,0,0,0,0,0,0,0,0,0,0,0,0,0,1,0,0,0,0,0,0,0,0,0,0,0,0,0,0,0,0,0,0,0,0
191021754,Tulsa,northern,US-169,US Route,1,20.0,0.0,property_damage,0.0,0,0.0,0.0,0.0,REAR-END,REAR-END,36.2781916,-95.8478431,2019,2019-04-01,14.19,2,0,N,       ,N,N,0,Clear,Daylight,1.0,4,0,No Roadway Departure,0,N,0.0,D,20.0,18.0,M,Y,1.0,Apparently Normal,4.0,0,1,0,Followed too Closely,Human Element,0,0,0,0,0,0,0,0,0,0,0,0,0,0,0,0,1,0,0,0,0,0,0,0,0,0,0,0,0,0,0,0,0,0,0,0,0
191021761,Tulsa,northern,,City Street,1,0.0,0.0,possible_injury,0.0,0,0.0,0.0,1.0,REAR-END,REAR-END,36.2785267,-95.8504833,2019,2019-04-03,12.34,2,0,N,       ,N,N,0,Clear,Daylight,1.0,2,0,No Roadway Departure,0,N,0.0,D,2.0,20.0,M,Y,1.0,Apparently Normal,4.0,0,0,0,Followed too Closely,Human Element,0,0,0,0,0,0,0,0,0,0,0,0,0,0,0,0,1,0,0,0,0,0,0,0,0,0,0,0,0,0,0,0,0,0,0,0,0
191021762,Tulsa,northern,US-169,US Route,1,22.0,0.0,property_damage,0.0,0,0.0,0.0,0.0,REAR-END,REAR-END,36.2783361,-95.8478275,2019,2019-04-03,14.56,3,0,N,       ,N,N,0,Clear,Daylight,1.0,2,0,No Roadway Departure,0,N,0.0,D,2.0,18.0,F,Y,1.0,Apparently Normal,4.0,0,1,0,Followed too Closely,Traffic Condition,0,0,0,0,0,0,0,0,0,0,0,0,0,0,0,0,1,0,0,0,0,0,0,0,0,0,0,0,0,0,0,0,0,0,0,0,0
191052549,Mayes,northern,SH-20,State Highway,0,1.0,0.0,property_damage,0.0,0,0.0,0.0,0.0,REAR-END,REAR-END,36.3073408,-95.341136,2019,2019-03-23,13.21,2,0,N,       ,N,N,0,Cloudy,Daylight,2.0,5,0,Roadway Departure Right,0,N,0.0,D,4.0,73.0,M,Y,1.0,Apparently Normal,4.0,1,0,0,Followed too Closely,Weather Condition,0,0,0,0,0,0,0,0,0,0,0,0,0,0,0,0,1,0,0,0,0,0,0,0,0,0,0,0,0,0,0,0,0,0,0,0,0
191072174,Rogers,northern,SH-66,State Highway,1,0.0,0.0,property_damage,0.0,0,0.0,0.0,0.0,REAR-END,REAR-END,36.310924,-95.6170622,2019,2019-03-10,16.45,2,0,N,       ,N,N,0,Cloudy,Daylight,1.0,2,0,No Roadway Departure,0,Y,0.0,D,20.0,34.0,F,Y,1.0,Apparently Normal,4.0,0,0,0,Followed too Closely,Human Element,0,0,0,0,0,0,0,0,0,0,0,0,0,0,0,0,1,0,0,0,0,0,0,0,0,0,0,0,0,0,0,0,0,0,0,0,0
191162125,Tulsa,northern,US-169,US Route,0,72.0,0.0,property_damage,0.0,0,0.0,0.0,0.0,REAR-END,REAR-END,36.2628178,-95.8479934,2019,2019-04-16,7.27,2,0,N,       ,N,N,0,Clear,Daylight,1.0,2,0,No Roadway Departure,0,N,0.0,D,20.0,35.0,M,Y,1.0,Apparently Normal,4.0,0,0,0,Followed too Closely,Traffic Condition,0,0,0,0,0,0,0,0,0,0,0,0,0,0,0,0,1,0,0,0,0,0,0,0,0,0,0,0,0,0,0,0,0,0,0,0,0
191193972,Delaware,northern,US-59,US Route,1,0.0,0.0,property_damage,0.0,0,0.0,0.0,0.0,REAR-END,REAR-END,36.2052081,-94.7796661,2019,2019-04-20,3.24,2,0,N,       ,N,N,0,Clear,Dark / Lighted,1.0,3,0,No Roadway Departure,0,N,0.0,D,2.0,21.0,F,Y,1.0,Apparently Normal,4.0,0,0,0,Followed too Closely,Human Element,0,0,0,0,0,0,0,0,0,0,0,0,0,0,0,0,1,0,0,0,0,0,0,0,0,0,0,0,0,0,0,0,0,0,0,0,0
191215361,Tulsa,northern,,City Street,1,0.0,0.0,property_damage,0.0,0,0.0,0.0,0.0,REAR-END,REAR-END,36.2930244,-95.8392412,2019,2019-04-03,10.55,2,0,N,       ,N,N,0,Clear,Daylight,1.0,4,0,No Roadway Departure,0,Y,0.0,D,4.0,23.0,M,Y,1.0,Unknown,99.0,0,0,0,Followed too Closely,Human Element,0,0,0,0,0,0,0,0,0,0,0,0,0,0,0,0,1,0,0,0,0,0,0,0,0,0,0,0,0,0,0,0,0,0,0,0,0
191215368,Tulsa,northern,US-169,US Route,0,0.0,0.0,property_damage,0.0,0,0.0,0.0,0.0,REAR-END,REAR-END,36.297371,-95.8276933,2019,2019-04-22,15.23,2,0,N,       ,N,N,0,Clear,Daylight,1.0,2,0,No Roadway Departure,0,N,0.0,D,2.0,23.0,F,Y,1.0,Apparently Normal,4.0,0,0,0,Followed too Closely,Traffic Condition,0,0,0,0,0,0,0,0,0,0,0,0,0,0,0,0,1,0,0,0,0,0,0,0,0,0,0,0,0,0,0,0,0,0,0,0,0
191226258,Sequoyah,southern,US-64,US Route,1,0.0,0.0,property_damage,0.0,0,0.0,0.0,0.0,REAR-END,REAR-END,35.405068,-94.5215497,2019,2019-04-25,12.46,2,0,N,       ,N,N,0,Clear,Daylight,1.0,3,0,No Roadway Departure,0,N,0.0,D,1.0,41.0,M,Y,1.0,Apparently Normal,4.0,0,0,0,Followed too Closely,Human Element,0,0,0,0,0,0,0,0,0,0,0,0,0,0,0,0,1,0,0,0,0,0,0,0,0,0,0,0,0,0,0,0,0,0,0,0,0
191267946,Washington,northern,US-75,US Route,1,0.0,0.0,property_damage,0.0,0,0.0,0.0,0.0,REAR-END,REAR-END,36.72801937,-95.93522262,2019,2019-04-15,15.2,2,0,N,       ,N,N,0,Clear,Daylight,1.0,2,0,No Roadway Departure,0,N,0.0,D,4.0,21.0,M,Y,1.0,Apparently Normal,4.0,0,0,0,Followed too Closely,Human Element,0,0,0,0,0,0,0,0,0,0,0,0,0,0,0,0,1,0,0,0,0,0,0,0,0,0,0,0,0,0,0,0,0,0,0,0,0