crash_id,county,region,highway_name,highway_class,intersection_rel,special_feature_1,special_feature_2,severity_level,visual_injured_num,fatal_num,suspected_serious_injured_num,non_incapacitated_injured_num,possibly_injured_num,crash_type,main_crash_type,latitude,longitude,year,date,time,number_of_vehicles,number_of_commercial_vehicles,work_zone,railroad_crossing,alcohol,drug,Alcohol or Drug,weather_condition,lighting_condition,road_condition,manner_of_collision,pedestrians_num,roadway_departure,cross_centerline,hit_and_run,emergency_vehicle_use,unit_type,vehicle_type,age,sex,driver_of_vehicle,injury_severity,person_condition,restraint_use,older_driver,teen_driver,Sleepy/Ill/Dizzy Driver,unsafe_unlaw_category,unsafe_unlaw_desc,Abnormal Traffic Control,Alcohol-DUI/DWI,Animal in Roadway,Apparently Sleepy,Avoiding Other Vehicle,Avoiding Pedestrian,Changed Lanes Unsafely,Deer in Roadway,Defect in Roadway,Disregarded Warning Signal,Domestic Animal in Roadway,Drug-DUI,Failed to Secure Load,Failed to Signal,Failed to Stop,Failed to Yield,Followed too Closely,Improper Backing,Improper Bicyclist Action,Improper Overtaking,Improper Parking,Improper Start From,Improper Turn,Improper Use of Lane,Distraction,Left of Center,No Improper Action by Driver,Object/Debris in Roadway,Other Improper Act/Movement,Pedestrian Action,Stopped in Traffic Lane,Speeding,Unsafe Vehicle,Wrong Way,Bad Weather,Bad Lighting,Bad Road Condition
300298313,Tulsa,tulsa,,City Street,5,0.0,0.0,property_damage,0.0,0,0.0,0.0,0.0,REAR-END,REAR-END,36.17375381,-95.9402887,2017,2017-02-27,13.45,3,0,N,       ,N,N,0,Clear,Daylight,1.0,2,0,No Roadway Departure,0,Y,0.0,D,20.0,0.0,F,Y,1.0,Unknown,99.0,0,0,0,Followed too Closely,Traffic Condition,0,0,0,0,0,0,0,0,0,0,0,0,0,0,0,0,1,0,0,0,0,0,0,0,0,0,0,0,0,0,0,0,0,0,0,0,0
300298576,Rogers,northern,I-44,Interstate,0,0.0,5.0,property_damage,0.0,0,0.0,0.0,0.0,REAR-END,REAR-END,36.1623984,-95.7911486,2017,2017-03-03,7.51,2,0,Y,       ,N,N,0,Clear,Daylight,1.0,3,0,No Roadway Departure,0,N,0.0,D,2.0,39.0,M,Y,1.0,Apparently Normal,4.0,0,0,0,Followed too Closely,Traffic Condition,0,0,0,0,0,0,0,0,0,0,0,0,0,0,0,0,1,0,0,0,0,0,0,0,0,0,0,0,0,0,0,0,0,0,0,0,0
300298842,Rogers,northern,I-44,Interstate,0,5.0,0.0,property_damage,0.0,0,0.0,0.0,0.0,REAR-END,REAR-END,36.162453,-95.8144414,2017,2017-02-22,15.5,2,0,Y,       ,N,N,0,Clear,Daylight,1.0,3,0,No Roadway Departure,0,N,0.0,D,4.0,38.0,M,Y,1.0,Apparently Normal,4.0,0,0,0,Followed too Closely,Traffic Condition,0,0,0,0,0,0,0,0,0,0,0,0,0,0,0,0,1,0,0,0,0,0,0,0,0,0,0,0,0,0,0,0,0,0,0,0,0
300299315,Tulsa,tulsa,I-244,Interstate,0,0.0,0.0,property_damage,0.0,0,0.0,0.0,0.0,REAR-END,REAR-END,36.164028,-95.870599,2017,2017-03-01,7.43,2,0,N,       ,N,N,0,Clear,Daylight,1.0,3,0,No Roadway Departure,0,N,0.0,D,2.0,27.0,M,Y,1.0,Apparently Normal,4.0,0,0,0,Followed too Closely,Traffic Condition,0,0,0,0,0,0,0,0,0,0,0,0,0,0,0,0,1,0,0,0,0,0,0,0,0,0,0,0,0,0,0,0,0,0,0,0,0
300299691,Tulsa,tulsa,,City Street,5,1.0,0.0,property_damage,0.0,0,0.0,0.0,0.0,REAR-END,REAR-END,36.16433181,-95.9045514,2017,2017-02-18,19.1,2,0,N,       ,N,N,0,Clear,Dark / Lighted,1.0,4,0,No Roadway Departure,0,Y,0.0,D,2.0,23.0,F,Y,1.0,Unknown,99.0,0,0,0,Followed too Closely,Traffic Condition,0,0,0,0,0,0,0,0,0,0,0,0,0,0,0,0,1,0,0,0,0,0,0,0,0,0,0,0,0,0,0,0,0,0,0,0,0
300299860,Cherokee,southern,SH-82,State Highway,0,0.0,0.0,possible_injury,0.0,0,0.0,0.0,3.0,REAR-END,REAR-END,35.8519509,-94.9741664,2017,2017-03-04,14.09,2,0,N,       ,N,N,0,Clear,Daylight,1.0,2,0,No Roadway Departure,0,N,0.0,D,20.0,34.0,F,Y,1.0,Apparently Normal,4.0,0,0,0,Followed too Closely,Traffic Condition,0,0,0,0,0,0,0,0,0,0,0,0,0,0,0,0,1,0,0,0,0,0,0,0,0,0,0,0,0,0,0,0,0,0,0,0,0
300300036,Rogers,northern,SH-167,State Highway,0,72.0,0.0,property_damage,0.0,0,0.0,0.0,0.0,REAR-END,REAR-END,36.2322965,-95.7590997,2017,2017-03-07,7.27,2,0,N,       ,N,N,0,Clear,Daylight,1.0,2,0,No Roadway Departure,0,N,0.0,D,20.0,40.0,M,Y,1.0,Apparently Normal,4.0,0,0,0,Followed too Closely,Human Element,0,0,0,0,0,0,0,0,0,0,0,0,0,0,0,0,1,0,0,0,0,0,0,0,0,0,0,0,0,0,0,0,0,0,0,0,0
300301820,Washington,northern,US-75,US Route,0,0.0,0.0,property_damage,0.0,0,0.0,0.0,0.0,SIDESWIPE-SAME,SIDESWIPE-SAME,36.8441147,-95.9352299,2017,2017-03-23,18.09,2,0,N,       ,N,N,0,Clear,Daylight,1.0,16,0,Roadway Departure Right,0,N,0.0,D,2.0,19.0,F,Y,1.0,Apparently Normal,4.0,0,1,0,Followed too Closely,Human Element,0,0,0,0,0,0,0,0,0,0,0,0,0,0,0,0,1,0,0,0,0,0,0,0,0,0,0,0,0,0,0,0,0,0,0,0,0
300302217,Tulsa,tulsa,,City Street,1,0.0,0.0,property_damage,0.0,0,0.0,0.0,0.0,REAR-END,REAR-END,36.1790009,-95.9403834,2017,2017-03-28,17.23,3,0,N,       ,N,N,0,Clear,Daylight,1.0,5,0,No Roadway Departure,0,N,0.0,D,2.0,34.0,F,Y,0.0,Apparently Normal,4.0,0,0,0,Followed too Closely,Human Element,0,0,0,0,0,0,0,0,0,0,0,0,0,0,0,0,1,0,0,0,0,0,0,0,0,0,0,0,0,0,0,0,0,0,0,0,0
300302352,Tulsa,northern,SH-11,State Highway,1,36.0,0.0,possible_injury,0.0,0,0.0,0.0,1.0,REAR-END,REAR-END,36.2772653,-95.9737233,2017,2017-03-28,17.24,2,0,N,       ,N,N,0,Cloudy,Daylight,1.0,5,0,No Roadway Departure,0,N,0.0,D,4.0,52.0,M,Y,1.0,Apparently Normal,4.0,0,0,0,Followed too Closely,Human Element,0,0,0,0,0,0,0,0,0,0,0,0,0,0,0,0,1,0,0,0,0,0,0,0,0,0,0,0,0,0,0,0,0,0,0,0,0
300302382,Tulsa,tulsa,US-75,US Route,0,0.0,0.0,possible_injury,0.0,0,0.0,0.0,1.0,REAR-END,REAR-END,36.1625733,-95.9804696,2017,2017-03-28,16.45,3,0,N,       ,N,N,0,Clear,Daylight,1.0,2,0,No Roadway Departure,0,N,0.0,D,20.0,58.0,M,Y,1.0,Unknown,4.0,0,0,0,Followed too Closely,Traffic Condition,0,0,0,0,0,0,0,0,0,0,0,0,0,0,0,0,1,0,0,0,0,0,0,0,0,0,0,0,0,0,0,0,0,0,0,0,0
300302542,Tulsa,tulsa,I-244,Interstate,1,20.0,0.0,possible_injury,0.0,0,0.0,0.0,1.0,REAR-END,REAR-END,36.1615316,-95.9890286,2017,2017-02-23,8.15,2,0,N,       ,Y,N,1,Cloudy,Daylight,1.0,2,0,No Roadway Departure,0,N,0.0,D,2.0,32.0,M,Y,1.0,Apparently Normal,4.0,0,0,0,Followed too Closely,Human Element,0,0,0,0,0,0,0,0,0,0,0,0,0,0,0,0,1,0,0,0,0,0,0,0,0,0,0,0,0,0,0,0,0,0,0,0,0
300303141,Tulsa,northern,SH-20,State Highway,1,0.0,0.0,incapacitating_injury,1.0,0,1.0,0.0,0.0,REAR-END,REAR-END,36.3656074,-95.9725702,2017,2017-03-27,14.01,2,1,N,       ,N,N,0,Clear,Daylight,1.0,3,0,No Roadway Departure,0,N,0.0,D,21.0,76.0,M,Y,1.0,Apparently Normal,4.0,1,0,0,Followed too Closely,Human Element,0,0,0,0,0,0,0,0,0,0,0,0,0,0,0,0,1,0,0,0,0,0,0,0,0,0,0,0,0,0,0,0,0,0,0,0,0
300303534,Tulsa,northern,,County Road,1,0.0,0.0,possible_injury,0.0,0,0.0,0.0,3.0,REAR-END,REAR-END,36.3217,-95.8408,2017,2017-04-01,21.34,2,0,N,       ,N,N,0,Rain,Dark / Unlighted,2.0,2,0,No Roadway Departure,0,N,0.0,D,2.0,23.0,M,Y,1.0,Apparently Normal,4.0,0,0,0,Followed too Closely,Weather Condition,0,0,0,0,0,0,0,0,0,0,0,0,0,0,0,0,1,0,0,0,0,0,0,0,0,0,0,0,0,0,0,0,0,0,1,1,0
300303535,Tulsa,tulsa,I-244,Interstate,0,0.0,0.0,possible_injury,0.0,0,0.0,0.0,1.0,REAR-END,REAR-END,36.1657111,-95.8339529,2017,2017-03-27,16.59,3,0,N,       ,N,N,0,Clear,Daylight,1.0,3,0,Roadway Departure Right,0,N,0.0,D,4.0,35.0,F,Y,1.0,Apparently Normal,4.0,0,0,0,Followed too Closely,Traffic Condition,0,0,0,0,0,0,0,0,0,0,0,0,0,0,0,0,1,0,0,0,0,0,0,0,0,0,0,0,0,0,0,0,0,0,0,0,0
300304051,Tulsa,tulsa,I-44,Interstate,0,31.0,5.0,possible_injury,0.0,0,0.0,0.0,4.0,REAR-END,REAR-END,36.1624474,-95.8174752,2017,2017-04-06,11.15,3,0,Y,       ,N,N,0,Clear,Daylight,1.0,3,0,Roadway Departure Right,0,N,0.0,D,10.0,61.0,M,Y,1.0,"Emotional (depressed, angry, disturbed, etc.)",4.0,0,0,0,Followed too Closely,Human Element,0,0,0,0,0,0,0,0,0,0,0,0,0,0,0,0,1,0,0,0,0,0,0,0,0,0,0,0,0,0,0,0,0,0,0,0,0
300304342,Rogers,northern,I-44,Interstate,0,5.0,0.0,property_damage,0.0,0,0.0,0.0,0.0,REAR-END,REAR-END,36.1623984,-95.7911486,2017,2017-04-04,8.32,3,0,Y,       ,N,N,0,Cloudy,Daylight,1.0,3,0,No Roadway Departure,0,N,0.0,D,2.0,25.0,M,Y,1.0,Apparently Normal,4.0,0,0,0,Followed too Closely,Traffic Condition,0,0,0,0,0,0,0,0,0,0,0,0,0,0,0,0,1,0,0,0,0,0,0,0,0,0,0,0,0,0,0,0,0,0,0,0,0
300304488,Adair,southern,US-59,US Route,0,0.0,0.0,possible_injury,0.0,0,0.0,0.0,1.0,REAR-END,REAR-END,35.8514956,-94.6418929,2017,2017-04-04,8.19,2,0,N,       ,N,N,0,Clear,Daylight,1.0,3,0,No Roadway Departure,0,N,0.0,D,4.0,79.0,M,Y,1.0,Apparently Normal,4.0,1,0,0,Followed too Closely,Traffic Condition,0,0,0,0,0,0,0,0,0,0,0,0,0,0,0,0,1,0,0,0,0,0,0,0,0,0,0,0,0,0,0,0,0,0,0,0,0
300304696,Mayes,northern,US-69,US Route,1,0.0,5.0,property_damage,0.0,0,0.0,0.0,0.0,ANGLE-TURNING,ANGLE-TURNING,36.3946133,-95.2872642,2017,2017-04-10,17.07,2,1,Y,       ,N,N,0,Clear,Daylight,1.0,10,0,Roadway Departure Left,0,N,0.0,D,8.0,54.0,F,Y,1.0,Apparently Normal,4.0,0,0,0,Followed too Closely,Traffic Condition,0,0,0,0,0,0,0,0,0,0,0,0,0,0,0,0,1,0,0,0,0,0,0,0,0,0,0,0,0,0,0,0,0,0,0,0,0
300305656,Tulsa,tulsa,,City Street,1,0.0,0.0,property_damage,0.0,0,0.0,0.0,0.0,REAR-END,REAR-END,36.1771415,-95.9582451,2017,2017-04-19,17.3,2,0,N,       ,N,N,0,Clear,Daylight,1.0,2,0,No Roadway Departure,0,N,0.0,D,2.0,36.0,F,Y,1.0,Apparently Normal,99.0,0,0,0,Followed too Closely,Traffic Condition,0,0,0,0,0,0,0,0,0,0,0,0,0,0,0,0,1,0,0,0,0,0,0,0,0,0,0,0,0,0,0,0,0,0,0,0,0
300305972,Rogers,northern,SH-20,State Highway,0,0.0,0.0,possible_injury,0.0,0,0.0,0.0,3.0,REAR-END,REAR-END,36.3073876,-95.6691159,2017,2017-04-21,15.52,3,0,N,       ,N,N,0,Rain,Daylight,2.0,2,0,No Roadway Departure,0,N,0.0,D,4.0,58.0,F,Y,2.0,Apparently Normal,4.0,0,0,0,Followed too Closely,Weather Condition,0,0,0,0,0,0,0,0,0,0,0,0,0,0,0,0,1,0,0,0,0,0,0,0,0,0,0,0,0,0,0,0,0,0,1,0,0
300306103,Sequoyah,southern,I-40,Interstate,0,0.0,0.0,property_damage,0.0,0,0.0,0.0,0.0,OTHER,OTHER,35.4498745,-94.8227783,2017,2017-03-22,13.17,2,1,N,       ,N,N,0,Clear,Daylight,1.0,19,0,Roadway Departure Left,0,N,0.0,D,4.0,19.0,M,Y,1.0,Apparently Normal,4.0,0,1,0,Followed too Closely,Human Element,0,0,0,0,0,0,0,0,0,0,0,0,0,0,0,0,1,0,0,0,0,0,0,0,0,0,0,0,0,0,0,0,0,0,0,0,0
300306161,Tulsa,northern,US-75,US Route,1,21.0,35.0,possible_injury,0.0,0,0.0,0.0,1.0,REAR-END,REAR-END,36.2782417,-95.923747,2017,2017-04-06,17.43,2,0,N,       ,N,N,0,Clear,Daylight,1.0,5,0,No Roadway Departure,0,N,0.0,D,20.0,62.0,F,Y,1.0,Apparently Normal,4.0,0,0,0,Followed too Closely,Human Element,0,0,0,0,0,0,0,0,0,0,0,0,0,0,0,0,1,0,0,0,0,0,0,0,0,0,0,0,0,0,0,0,0,0,0,0,0
300306366,Tulsa,tulsa,I-244,Interstate,0,0.0,0.0,property_damage,0.0,0,0.0,0.0,0.0,REAR-END,REAR-END,36.1642395,-95.8650388,2017,2017-04-18,18.08,2,0,N,       ,N,N,0,Clear,Daylight,1.0,3,0,No Roadway Departure,0,N,0.0,D,21.0,17.0,M,Y,1.0,Apparently Normal,4.0,0,1,0,Followed too Closely,Traffic Condition,0,0,0,0,0,0,0,0,0,0,0,0,0,0,0,0,1,0,0,0,0,0,0,0,0,0,0,0,0,0,0,0,0,0,0,0,0
300306470,Rogers,northern,I-44,Interstate,0,72.0,0.0,property_damage,0.0,0,0.0,0.0,0.0,REAR-END,REAR-END,36.1623965,-95.7907902,2017,2017-04-17,7.52,3,0,N,       ,N,N,0,Rain,Daylight,2.0,3,0,No Roadway Departure,0,N,0.0,D,1.0,23.0,M,Y,1.0,Apparently Normal,4.0,0,0,0,Followed too Closely,Weather Condition,0,0,0,0,0,0,0,0,0,0,0,0,0,0,0,0,1,0,0,0,0,0,0,0,0,0,0,0,0,0,0,0,0,0,1,0,0
300306506,Cherokee,southern,SH-51,State Highway,1,0.0,0.0,property_damage,0.0,0,0.0,0.0,0.0,ANGLE-TURNING,ANGLE-TURNING,35.9292038,-95.2559411,2017,2017-04-18,21.0,2,0,N,       ,N,N,0,Clear,Dark / Unlighted,1.0,10,0,No Roadway Departure,0,N,0.0,D,2.0,46.0,M,Y,1.0,Apparently Normal,4.0,0,0,0,Followed too Closely,Human Element,0,0,0,0,0,0,0,0,0,0,0,0,0,0,0,0,1,0,0,0,0,0,0,0,0,0,0,0,0,0,0,0,0,0,0,1,0
300307224,Craig,northern,US-60,US Route,0,0.0,0.0,non_incapacitating_injury,1.0,0,0.0,1.0,0.0,REAR-END,REAR-END,36.6269254,-95.1123744,2017,2017-04-28,13.44,2,0,N,       ,N,N,0,Clear,Daylight,1.0,3,0,No Roadway Departure,0,N,0.0,D,1.0,22.0,F,Y,3.0,Apparently Normal,4.0,0,0,0,Followed too Closely,Traffic Condition,0,0,0,0,0,0,0,0,0,0,0,0,0,0,0,0,1,0,0,0,0,0,0,0,0,0,0,0,0,0,0,0,0,0,0,0,0
300307538,Craig,northern,I-44,Turnpike Interstate,0,0.0,0.0,possible_injury,0.0,0,0.0,0.0,1.0,REAR-END,REAR-END,36.6196546,-95.157053,2017,2017-05-01,15.48,2,1,N,       ,N,N,0,Clear,Daylight,1.0,3,0,No Roadway Departure,0,N,0.0,D,10.0,53.0,M,Y,1.0,Apparently Normal,4.0,0,0,0,Followed too Closely,Human Element,0,0,0,0,0,0,0,0,0,0,0,0,0,0,0,0,1,0,0,0,0,0,0,0,0,0,0,0,0,0,0,0,0,0,0,0,0
300308065,Cherokee,southern,,County Road,0,72.0,0.0,property_damage,0.0,0,0.0,0.0,0.0,REAR-END,REAR-END,35.9924,-94.9666,2017,2017-05-05,8.5,2,0,N,       ,N,N,0,Clear,Daylight,1.0,2,0,No Roadway Departure,0,N,0.0,D,4.0,21.0,F,Y,1.0,Apparently Normal,4.0,0,0,0,Followed too Closely,Traffic Condition,0,0,0,0,0,0,0,0,0,0,0,0,0,0,0,0,1,0,0,0,0,0,0,0,0,0,0,0,0,0,0,0,0,0,0,0,0
300308079,Tulsa,tulsa,I-244,Interstate,0,0.0,0.0,property_damage,0.0,0,0.0,0.0,0.0,REAR-END,REAR-END,36.1646531,-95.8614986,2017,2017-05-04,16.25,2,0,N,       ,N,N,0,Clear,Daylight,1.0,3,0,No Roadway Departure,0,N,0.0,D,1.0,19.0,M,Y,1.0,Apparently Normal,4.0,0,1,0,Followed too Closely,Traffic Condition,0,0,0,0,0,0,0,0,0,0,0,0,0,0,0,0,1,0,0,0,0,0,0,0,0,0,0,0,0,0,0,0,0,0,0,0,0
300308447,Rogers,tulsa,I-44,Interstate,0,72.0,0.0,non_incapacitating_injury,1.0,0,0.0,1.0,1.0,REAR-END,REAR-END,36.162447,-95.8117538,2017,2017-04-17,6.56,3,0,N,       ,N,N,0,Rain,Daylight,2.0,2,0,No Roadway Departure,0,N,0.0,D,4.0,38.0,M,Y,1.0,Apparently Normal,4.0,0,0,0,Followed too Closely,Weather Condition,0,0,0,0,0,0,0,0,0,0,0,0,0,0,0,0,1,0,0,0,0,0,0,0,0,0,0,0,0,0,0,0,0,0,1,0,0
300308458,Tulsa,tulsa,I-244,Interstate,0,0.0,0.0,non_incapacitating_injury,2.0,0,0.0,2.0,0.0,REAR-END,REAR-END,36.1640473,-95.8703975,2017,2017-05-04,7.55,4,0,N,       ,N,N,0,Clear,Daylight,1.0,3,0,No Roadway Departure,0,Y,0.0,D,20.0,0.0,9,Y,1.0,Unknown,99.0,0,0,0,Followed too Closely,Traffic Condition,0,0,0,0,0,0,0,0,0,0,0,0,0,0,0,0,1,0,0,0,0,0,0,0,0,0,0,0,0,0,0,0,0,0,0,0,0
300308717,Sequoyah,southern,I-40,Interstate,0,5.0,0.0,property_damage,0.0,0,0.0,0.0,0.0,REAR-END,REAR-END,35.4482929,-94.7463235,2017,2017-05-11,15.06,2,0,N,       ,N,N,0,Rain,Daylight,2.0,3,0,No Roadway Departure,0,N,0.0,D,1.0,19.0,F,Y,1.0,Apparently Normal,4.0,0,1,0,Followed too Closely,Traffic Condition,0,0,0,0,0,0,0,0,0,0,0,0,0,0,0,0,1,0,0,0,0,0,0,0,0,0,0,0,0,0,0,0,0,0,1,0,0
300309522,Tulsa,tulsa,,City Street,1,0.0,0.0,possible_injury,0.0,0,0.0,0.0,2.0,REAR-END,REAR-END,36.205971,-95.9856491,2017,2017-05-18,11.03,2,0,N,       ,N,N,0,Clear,Daylight,1.0,2,0,No Roadway Departure,0,N,0.0,D,1.0,17.0,F,Y,2.0,Apparently Normal,4.0,0,1,0,Followed too Closely,Traffic Condition,0,0,0,0,0,0,0,0,0,0,0,0,0,0,0,0,1,0,0,0,0,0,0,0,0,0,0,0,0,0,0,0,0,0,0,0,0
300309740,Sequoyah,southern,US-64,US Route,0,10.0,0.0,property_damage,0.0,0,0.0,0.0,0.0,REAR-END,REAR-END,35.3954515,-94.4375938,2017,2017-05-18,17.19,2,0,N,       ,N,N,0,Clear,Daylight,1.0,3,0,No Roadway Departure,0,N,0.0,D,2.0,19.0,M,Y,1.0,Apparently Normal,4.0,0,1,0,Followed too Closely,Traffic Condition,0,0,0,0,0,0,0,0,0,0,0,0,0,0,0,0,1,0,0,0,0,0,0,0,0,0,0,0,0,0,0,0,0,0,0,0,0
300310041,Tulsa,northern,,City Street,5,1.0,0.0,property_damage,0.0,0,0.0,0.0,0.0,REAR-END,REAR-END,36.32234461,-95.8301345,2017,2017-05-16,17.15,3,0,N,       ,N,N,0,Cloudy,Daylight,1.0,4,0,No Roadway Departure,0,N,0.0,D,2.0,25.0,F,Y,1.0,Apparently Normal,4.0,0,0,0,Followed too Closely,Traffic Condition,0,0,0,0,0,0,0,0,0,0,0,0,0,0,0,0,1,0,0,0,0,0,0,0,0,0,0,0,0,0,0,0,0,0,0,0,0
300310209,Mayes,northern,I-44,Turnpike Interstate,0,71.0,0.0,property_damage,0.0,0,0.0,0.0,0.0,REAR-END,REAR-END,36.4986056,-95.285843,2017,2017-05-10,22.21,2,2,N,       ,N,N,0,Rain,Dark / Unlighted,2.0,3,0,No Roadway Departure,0,N,0.0,D,10.0,66.0,M,Y,1.0,Apparently Normal,4.0,1,0,0,Followed too Closely,Weather Condition,0,0,0,0,0,0,0,0,0,0,0,0,0,0,0,0,1,0,0,0,0,0,0,0,0,0,0,0,0,0,0,0,0,0,1,1,0
300310681,Tulsa,tulsa,US-75,US Route,1,35.0,21.0,property_damage,0.0,0,0.0,0.0,0.0,REAR-END,REAR-END,36.2345678,-95.9449645,2017,2017-05-25,22.29,2,0,N,       ,N,N,0,Clear,Dark / Unlighted,1.0,5,0,No Roadway Departure,0,N,0.0,D,2.0,0.0,M,Y,1.0,Apparently Normal,4.0,0,0,0,Followed too Closely,Human Element,0,0,0,0,0,0,0,0,0,0,0,0,0,0,0,0,1,0,0,0,0,0,0,0,0,0,0,0,0,0,0,0,0,0,0,1,0
300310858,Muskogee,southern,I-40,Interstate,0,0.0,0.0,property_damage,0.0,0,0.0,0.0,0.0,REAR-END,REAR-END,35.4817431,-95.1241645,2017,2017-05-28,10.47,2,1,N,       ,N,N,0,Clear,Daylight,1.0,3,0,No Roadway Departure,0,N,0.0,D,20.0,40.0,F,Y,1.0,Apparently Normal,4.0,0,0,0,Followed too Closely,Human Element,0,0,0,0,0,0,0,0,0,0,0,0,0,0,0,0,1,0,0,0,0,0,0,0,0,0,0,0,0,0,0,0,0,0,0,0,0
300311187,Tulsa,tulsa,US-75,US Route,0,0.0,0.0,property_damage,0.0,0,0.0,0.0,0.0,REAR-END,REAR-END,36.2057658,-95.9467046,2017,2017-05-30,17.46,3,0,N,       ,N,N,0,Clear,Daylight,1.0,3,0,No Roadway Departure,0,N,0.0,D,2.0,61.0,F,Y,1.0,Apparently Normal,4.0,0,0,0,Followed too Closely,Human Element,0,0,0,0,0,0,0,0,0,0,0,0,0,0,0,0,1,0,0,0,0,0,0,0,0,0,0,0,0,0,0,0,0,0,0,0,0
300313296,Rogers,tulsa,I-44,Interstate,0,0.0,0.0,possible_injury,0.0,0,0.0,0.0,1.0,REAR-END,REAR-END,36.1624437,-95.7671394,2017,2017-06-08,7.42,2,0,N,       ,N,N,0,Cloudy,Daylight,1.0,3,0,Roadway Departure Right,0,N,0.0,D,4.0,29.0,M,Y,1.0,Apparently Normal,4.0,0,0,0,Followed too Closely,Traffic Condition,0,0,0,0,0,0,0,0,0,0,0,0,0,0,0,0,1,0,0,0,0,0,0,0,0,0,0,0,0,0,0,0,0,0,0,0,0
300313315,Rogers,northern,,County Road,0,71.0,0.0,non_incapacitating_injury,1.0,0,0.0,1.0,1.0,REAR-END,REAR-END,36.3142,-95.4892,2017,2017-06-12,19.05,2,0,N,       ,N,N,0,Clear,Daylight,1.0,2,0,No Roadway Departure,0,N,0.0,D,20.0,16.0,F,Y,3.0,Apparently Normal,4.0,0,1,0,Followed too Closely,Human Element,0,0,0,0,0,0,0,0,0,0,0,0,0,0,0,0,1,0,0,0,0,0,0,0,0,0,0,0,0,0,0,0,0,0,0,0,0
300314303,Cherokee,southern,US-62,US Route,0,1.0,0.0,property_damage,0.0,0,0.0,0.0,0.0,REAR-END,REAR-END,35.928253,-94.8720368,2017,2017-06-19,7.26,2,0,N,       ,N,N,0,Fog/Smoke,Dawn,1.0,4,0,No Roadway Departure,0,N,0.0,D,2.0,29.0,F,Y,1.0,Apparently Normal,4.0,0,0,0,Followed too Closely,Traffic Condition,0,0,0,0,0,0,0,0,0,0,0,0,0,0,0,0,1,0,0,0,0,0,0,0,0,0,0,0,0,0,0,0,0,0,1,1,0
300314763,Rogers,tulsa,I-44,Interstate,0,0.0,0.0,property_damage,0.0,0,0.0,0.0,0.0,REAR-END,REAR-END,36.1624196,-95.7689309,2017,2017-06-08,7.58,2,0,N,       ,N,N,0,Cloudy,Daylight,1.0,3,0,No Roadway Departure,0,N,0.0,D,4.0,64.0,F,Y,1.0,Apparently Normal,4.0,0,0,0,Followed too Closely,Human Element,0,0,0,0,0,0,0,0,0,0,0,0,0,0,0,0,1,0,0,0,0,0,0,0,0,0,0,0,0,0,0,0,0,0,0,0,0
300314915,Delaware,northern,SH-116,State Highway,0,1.0,0.0,property_damage,0.0,0,0.0,0.0,0.0,REAR-END,REAR-END,36.2784061,-94.5906097,2017,2017-06-18,17.24,2,0,N,       ,N,N,0,Clear,Daylight,1.0,5,0,Roadway Departure Right,0,N,0.0,D,2.0,25.0,F,Y,1.0,Apparently Normal,4.0,0,0,0,Followed too Closely,Human Element,0,0,0,0,0,0,0,0,0,0,0,0,0,0,0,0,1,0,0,0,0,0,0,0,0,0,0,0,0,0,0,0,0,0,0,0,0
300315262,Tulsa,tulsa,,City Street,1,0.0,0.0,property_damage,0.0,0,0.0,0.0,0.0,REAR-END,REAR-END,36.1668969,-95.9224777,2017,2017-06-21,18.04,2,0,N,       ,N,N,0,Clear,Daylight,1.0,2,0,No Roadway Departure,0,N,0.0,D,2.0,35.0,F,Y,1.0,Apparently Normal,4.0,0,0,0,Followed too Closely,Traffic Condition,0,0,0,0,0,0,0,0,0,0,0,0,0,0,0,0,1,0,0,0,0,0,0,0,0,0,0,0,0,0,0,0,0,0,0,0,0
300315431,Cherokee,southern,US-62,US Route,0,0.0,0.0,property_damage,0.0,0,0.0,0.0,0.0,REAR-END,REAR-END,35.9245179,-94.9373942,2017,2017-06-26,9.25,2,0,N,       ,N,N,0,Clear,Daylight,1.0,3,0,No Roadway Departure,0,N,0.0,D,2.0,39.0,F,Y,1.0,Apparently Normal,4.0,0,0,0,Followed too Closely,Traffic Condition,0,0,0,0,0,0,0,0,0,0,0,0,0,0,0,0,1,0,0,0,0,0,0,0,0,0,0,0,0,0,0,0,0,0,0,0,0
300315619,Tulsa,tulsa,US-169,US Route,0,0.0,0.0,property_damage,0.0,0,0.0,0.0,0.0,REAR-END,REAR-END,36.1812087,-95.8535406,2017,2017-06-29,14.18,2,1,N,       ,N,N,0,Clear,Daylight,1.0,3,0,No Roadway Departure,0,N,0.0,D,2.0,46.0,M,Y,1.0,Apparently Normal,1.0,0,0,0,Followed too Closely,Traffic Condition,0,0,0,0,0,0,0,0,0,0,0,0,0,0,0,0,1,0,0,0,0,0,0,0,0,0,0,0,0,0,0,0,0,0,0,0,0