crash_id,county,region,highway_name,highway_class,intersection_rel,special_feature_1,special_feature_2,severity_level,visual_injured_num,fatal_num,suspected_serious_injured_num,non_incapacitated_injured_num,possibly_injured_num,crash_type,main_crash_type,latitude,longitude,year,date,time,number_of_vehicles,number_of_commercial_vehicles,work_zone,railroad_crossing,alcohol,drug,Alcohol or Drug,weather_condition,lighting_condition,road_condition,manner_of_collision,pedestrians_num,roadway_departure,cross_centerline,hit_and_run,emergency_vehicle_use,unit_type,vehicle_type,age,sex,driver_of_vehicle,injury_severity,person_condition,restraint_use,older_driver,teen_driver,Sleepy/Ill/Dizzy Driver,unsafe_unlaw_category,unsafe_unlaw_desc,Abnormal Traffic Control,Alcohol-DUI/DWI,Animal in Roadway,Apparently Sleepy,Avoiding Other Vehicle,Avoiding Pedestrian,Changed Lanes Unsafely,Deer in Roadway,Defect in Roadway,Disregarded Warning Signal,Domestic Animal in Roadway,Drug-DUI,Failed to Secure Load,Failed to Signal,Failed to Stop,Failed to Yield,Followed too Closely,Improper Backing,Improper Bicyclist Action,Improper Overtaking,Improper Parking,Improper Start From,Improper Turn,Improper Use of Lane,Distraction,Left of Center,No Improper Action by Driver,Object/Debris in Roadway,Other Improper Act/Movement,Pedestrian Action,Stopped in Traffic Lane,Speeding,Unsafe Vehicle,Wrong Way,Bad Weather,Bad Lighting,Bad Road Condition
300412095,Nowata,northern,SH-28,State Highway,0,0.0,0.0,property_damage,0.0,0,0.0,0.0,0.0,REAR-END,REAR-END,36.7643178,-95.625437,2019,2019-05-01,7.5,2,0,N,       ,N,N,0,Cloudy,Daylight,1.0,3.0,0,No Roadway Departure,0,N,0.0,D,2.0,16.0,F,Y,1.0,Apparently Normal,4.0,0,1,0,Followed too Closely,Traffic Condition,0,0,0,0,0,0,0,0,0,0,0,0,0,0,0,0,1,0,0,0,0,0,0,0,0,0,0,0,0,0,0,0,0,0,0,0,0
300412585,Tulsa,tulsa,,City Street,5,80.0,99.0,property_damage,0.0,0,0.0,0.0,0.0,REAR-END,REAR-END,36.16283381,-95.9045676,2019,2019-05-06,11.15,2,0,N,       ,N,N,0,Clear,Daylight,1.0,3.0,0,No Roadway Departure,0,N,0.0,D,4.0,53.0,F,Y,1.0,Apparently Normal,4.0,0,0,0,Followed too Closely,Traffic Condition,0,0,0,0,0,0,0,0,0,0,0,0,0,0,0,0,1,0,0,0,0,0,0,0,0,0,0,0,0,0,0,0,0,0,0,0,0
300413082,Tulsa,tulsa,,City Street,5,99.0,80.0,property_damage,0.0,0,0.0,0.0,0.0,REAR-END,REAR-END,36.17526681,-95.9045535,2019,2019-05-09,7.4,4,0,N,       ,N,N,0,Cloudy,Daylight,1.0,2.0,0,No Roadway Departure,0,Y,0.0,D,2.0,0.0,F,Y,1.0,Unknown,99.0,0,0,0,Followed too Closely,Traffic Condition,0,0,0,0,0,0,0,0,0,0,0,0,0,0,0,0,1,0,0,0,0,0,0,0,0,0,0,0,0,0,0,0,0,0,0,0,0
300413269,Rogers,tulsa,I-44,Interstate,0,0.0,0.0,possible_injury,0.0,0,0.0,0.0,1.0,REAR-END,REAR-END,36.1624037,-95.7708199,2019,2019-04-30,21.05,2,0,N,       ,N,N,0,Rain,Dark / Lighted,2.0,3.0,0,No Roadway Departure,0,N,0.0,D,4.0,33.0,M,Y,1.0,Apparently Normal,4.0,0,0,0,Followed too Closely,Weather Condition,0,0,0,0,0,0,0,0,0,0,0,0,0,0,0,0,1,0,0,0,0,0,0,0,0,0,0,0,0,0,0,0,0,0,1,0,0
300413481,Tulsa,tulsa,,City Street,1,0.0,0.0,possible_injury,0.0,0,0.0,0.0,1.0,REAR-END,REAR-END,36.20023891,-95.97557344,2019,2019-05-11,23.0,2,0,N,       ,Y,N,1,Clear,Dark / Lighted,1.0,4.0,0,No Roadway Departure,0,Y,0.0,D,2.0,52.0,M,Y,1.0,Odor of Alcohol Beverage,99.0,0,0,0,Followed too Closely,Human Element,0,0,0,0,0,0,0,0,0,0,0,0,0,0,0,0,1,0,0,0,0,0,0,0,0,0,0,0,0,0,0,0,0,0,0,0,0
300413634,Tulsa,tulsa,I-244,Interstate,0,72.0,0.0,property_damage,0.0,0,0.0,0.0,0.0,REAR-END,REAR-END,36.1641613,-95.8686664,2019,2019-05-01,16.14,2,0,N,       ,N,N,0,Cloudy,Daylight,1.0,3.0,0,Roadway Departure Right,0,N,0.0,D,4.0,52.0,M,Y,1.0,Apparently Normal,4.0,0,0,0,Followed too Closely,Human Element,0,0,0,0,0,0,0,0,0,0,0,0,0,0,0,0,1,0,0,0,0,0,0,0,0,0,0,0,0,0,0,0,0,0,0,0,0
300413890,Sequoyah,southern,US-59,US Route,1,0.0,0.0,possible_injury,0.0,0,0.0,0.0,1.0,REAR-END,REAR-END,35.414636,-94.8054849,2019,2019-05-13,15.37,2,0,N,       ,N,N,0,Clear,Daylight,1.0,5.0,0,Roadway Departure Right,0,N,0.0,D,4.0,26.0,M,Y,1.0,Apparently Normal,4.0,0,0,0,Followed too Closely,Human Element,0,0,0,0,0,0,0,0,0,0,0,0,0,0,0,0,1,0,0,0,0,0,0,0,0,0,0,0,0,0,0,0,0,0,0,0,0
300414157,Sequoyah,southern,US-64,US Route,0,0.0,0.0,property_damage,0.0,0,0.0,0.0,0.0,REAR-END,REAR-END,35.4049288,-94.4713983,2019,2019-05-14,17.41,2,0,N,       ,N,N,0,Clear,Daylight,1.0,3.0,0,Roadway Departure Left,0,N,0.0,D,2.0,30.0,F,Y,1.0,Apparently Normal,4.0,0,0,0,Followed too Closely,Traffic Condition,0,0,0,0,0,0,0,0,0,0,0,0,0,0,0,0,1,0,0,0,0,0,0,0,0,0,0,0,0,0,0,0,0,0,0,0,0
300414425,Nowata,northern,US-60,US Route,0,0.0,0.0,property_damage,0.0,0,0.0,0.0,0.0,REAR-END,REAR-END,36.7280264,-95.8078516,2019,2019-05-17,19.3,2,0,N,       ,N,N,0,Clear,Daylight,1.0,3.0,0,No Roadway Departure,0,N,0.0,D,2.0,17.0,F,Y,1.0,Apparently Normal,4.0,0,1,0,Followed too Closely,Human Element,0,0,0,0,0,0,0,0,0,0,0,0,0,0,0,0,1,0,0,0,0,0,0,0,0,0,0,0,0,0,0,0,0,0,0,0,0
300414838,Tulsa,northern,US-75,US Route,0,0.0,35.0,possible_injury,0.0,0,0.0,0.0,2.0,REAR-END,REAR-END,36.2785663,-95.9237512,2019,2019-05-06,16.52,2,0,N,       ,N,N,0,Cloudy,Daylight,1.0,5.0,0,No Roadway Departure,0,N,0.0,D,20.0,64.0,F,Y,2.0,Other,4.0,0,0,0,Followed too Closely,Human Element,0,0,0,0,0,0,0,0,0,0,0,0,0,0,0,0,1,0,0,0,0,0,0,0,0,0,0,0,0,0,0,0,0,0,0,0,0
300415193,Sequoyah,southern,US-64,US Route,0,0.0,5.0,property_damage,0.0,0,0.0,0.0,0.0,REAR-END,REAR-END,35.4010139,-94.4462562,2019,2019-05-23,16.14,2,0,Y,       ,N,N,0,Clear,Daylight,1.0,3.0,0,No Roadway Departure,0,N,0.0,D,4.0,70.0,F,Y,1.0,Apparently Normal,4.0,1,0,0,Followed too Closely,Traffic Condition,0,0,0,0,0,0,0,0,0,0,0,0,0,0,0,0,1,0,0,0,0,0,0,0,0,0,0,0,0,0,0,0,0,0,0,0,0
300415570,Tulsa,tulsa,I-244,Interstate,0,0.0,0.0,possible_injury,0.0,0,0.0,0.0,1.0,REAR-END,REAR-END,36.1617438,-95.9901792,2019,2019-05-20,6.34,3,0,N,       ,N,N,0,Clear,Daylight,1.0,2.0,0,No Roadway Departure,0,N,0.0,D,4.0,58.0,M,Y,1.0,Apparently Normal,4.0,0,0,0,Followed too Closely,Traffic Condition,0,0,0,0,0,0,0,0,0,0,0,0,0,0,0,0,1,0,0,0,0,0,0,0,0,0,0,0,0,0,0,0,0,0,0,0,0
300415863,Ottawa,northern,I-44,Turnpike Interstate,0,0.0,0.0,property_damage,0.0,0,0.0,0.0,0.0,REAR-END,REAR-END,36.7970368,-94.8820467,2019,2019-05-07,15.06,2,0,N,       ,N,N,0,Cloudy,Daylight,1.0,3.0,0,No Roadway Departure,0,N,0.0,D,20.0,52.0,M,Y,1.0,Apparently Normal,4.0,0,0,0,Followed too Closely,Human Element,0,0,0,0,0,0,0,0,0,0,0,0,0,0,0,0,1,0,0,0,0,0,0,0,0,0,0,0,0,0,0,0,0,0,0,0,0
300416204,Tulsa,northern,US-169,US Route,0,0.0,0.0,property_damage,0.0,0,0.0,0.0,0.0,REAR-END,REAR-END,36.2390276,-95.8479929,2019,2019-05-09,11.39,2,0,N,       ,N,N,0,Cloudy,Daylight,1.0,3.0,0,No Roadway Departure,0,N,0.0,D,2.0,21.0,F,Y,1.0,Apparently Normal,4.0,0,0,0,Followed too Closely,Traffic Condition,0,0,0,0,0,0,0,0,0,0,0,0,0,0,0,0,1,0,0,0,0,0,0,0,0,0,0,0,0,0,0,0,0,0,0,0,0
300416305,Rogers,northern,I-44,Interstate,0,0.0,0.0,property_damage,0.0,0,0.0,0.0,0.0,REAR-END,REAR-END,36.1629463,-95.7357853,2019,2019-05-16,16.05,2,1,N,       ,N,N,0,Cloudy,Daylight,1.0,3.0,0,No Roadway Departure,0,N,0.0,D,20.0,30.0,M,Y,1.0,Apparently Normal,3.0,0,0,0,Followed too Closely,Traffic Condition,0,0,0,0,0,0,0,0,0,0,0,0,0,0,0,0,1,0,0,0,0,0,0,0,0,0,0,0,0,0,0,0,0,0,0,0,0
300416961,Tulsa,tulsa,I-244,Interstate,0,72.0,0.0,possible_injury,0.0,0,0.0,0.0,1.0,REAR-END,REAR-END,36.1641613,-95.8686664,2019,2019-05-17,17.19,3,0,N,       ,N,N,0,Cloudy,Daylight,1.0,2.0,0,No Roadway Departure,0,N,0.0,D,2.0,28.0,F,Y,1.0,Apparently Normal,4.0,0,0,0,Followed too Closely,Traffic Condition,0,0,0,0,0,0,0,0,0,0,0,0,0,0,0,0,1,0,0,0,0,0,0,0,0,0,0,0,0,0,0,0,0,0,0,0,0
300417383,Cherokee,southern,SH-82,State Highway,0,1.0,0.0,property_damage,0.0,0,0.0,0.0,0.0,REAR-END,REAR-END,35.697198,-94.9143521,2019,2019-06-05,18.59,2,0,N,       ,N,N,0,Rain,Daylight,2.0,5.0,0,No Roadway Departure,0,N,0.0,D,2.0,20.0,F,Y,1.0,Apparently Normal,4.0,0,0,0,Followed too Closely,Weather Condition,0,0,0,0,0,0,0,0,0,0,0,0,0,0,0,0,1,0,0,0,0,0,0,0,0,0,0,0,0,0,0,0,0,0,1,0,0
300417387,Cherokee,southern,US-62,US Route,1,0.0,5.0,property_damage,0.0,0,0.0,0.0,0.0,REAR-END,REAR-END,35.928058,-94.840061,2019,2019-06-05,8.33,2,0,Y,       ,N,N,0,Clear,Daylight,1.0,4.0,0,No Roadway Departure,0,N,0.0,D,20.0,35.0,F,Y,1.0,Apparently Normal,4.0,0,0,0,Followed too Closely,Human Element,0,0,0,0,0,0,0,0,0,0,0,0,0,0,0,0,1,0,0,0,0,0,0,0,0,0,0,0,0,0,0,0,0,0,0,0,0
300417390,Cherokee,southern,SH-82,State Highway,1,0.0,0.0,property_damage,0.0,0,0.0,0.0,0.0,REAR-END,REAR-END,36.0719033,-95.0892079,2019,2019-06-07,16.05,2,0,N,       ,N,N,0,Clear,Daylight,2.0,2.0,0,No Roadway Departure,0,Y,0.0,D,20.0,0.0,9,Y,0.0,Unknown,99.0,0,0,0,Followed too Closely,Traffic Condition,0,0,0,0,0,0,0,0,0,0,0,0,0,0,0,0,1,0,0,0,0,0,0,0,0,0,0,0,0,0,0,0,0,0,0,0,0
300417391,Cherokee,southern,SH-82,State Highway,0,1.0,0.0,property_damage,0.0,0,0.0,0.0,0.0,REAR-END,REAR-END,36.0847353,-95.1034784,2019,2019-06-07,16.55,2,0,N,       ,N,N,0,Rain,Daylight,2.0,4.0,0,No Roadway Departure,0,N,0.0,D,4.0,23.0,M,Y,1.0,Apparently Normal,4.0,0,0,0,Followed too Closely,Weather Condition,0,0,0,0,0,0,0,0,0,0,0,0,0,0,0,0,1,0,0,0,0,0,0,0,0,0,0,0,0,0,0,0,0,0,1,0,0
300417687,Tulsa,northern,,City Street,8,0.0,0.0,non_incapacitating_injury,1.0,0,0.0,1.0,1.0,REAR-END,REAR-END,36.1802418,-95.92276093,2019,2019-05-15,17.02,2,0,N,       ,N,N,0,Clear,Daylight,1.0,2.0,0,No Roadway Departure,0,N,0.0,D,2.0,83.0,M,Y,3.0,Apparently Normal,4.0,1,0,0,Followed too Closely,Human Element,0,0,0,0,0,0,0,0,0,0,0,0,0,0,0,0,1,0,0,0,0,0,0,0,0,0,0,0,0,0,0,0,0,0,0,0,0
300417809,Sequoyah,southern,,County Road,0,80.0,99.0,property_damage,0.0,0,0.0,0.0,0.0,REAR-END,REAR-END,35.502,-94.7965,2019,2019-06-08,10.3,2,0,N,       ,N,N,0,Clear,Daylight,1.0,5.0,0,No Roadway Departure,0,N,0.0,D,20.0,33.0,F,Y,1.0,Apparently Normal,4.0,0,0,0,Followed too Closely,Human Element,0,0,0,0,0,0,0,0,0,0,0,0,0,0,0,0,1,0,0,0,0,0,0,0,0,0,0,0,0,0,0,0,0,0,0,0,0
300417892,Tulsa,tulsa,,City Street,6,80.0,99.0,property_damage,0.0,0,0.0,0.0,0.0,REAR-END,REAR-END,36.177019,-95.85828817,2019,2019-06-11,16.57,2,0,N,       ,N,N,0,Clear,Daylight,1.0,2.0,0,No Roadway Departure,0,N,0.0,D,2.0,28.0,F,Y,1.0,Apparently Normal,4.0,0,0,0,Followed too Closely,Traffic Condition,0,0,0,0,0,0,0,0,0,0,0,0,0,0,0,0,1,0,0,0,0,0,0,0,0,0,0,0,0,0,0,0,0,0,0,0,0
300417983,Sequoyah,southern,I-40,Interstate,0,0.0,0.0,property_damage,0.0,0,0.0,0.0,0.0,REAR-END,REAR-END,35.4353595,-94.4785781,2019,2019-06-08,11.56,2,1,N,       ,N,N,0,Clear,Daylight,1.0,3.0,0,Roadway Departure Right,0,N,0.0,D,2.0,19.0,M,Y,1.0,Apparently Normal,4.0,0,1,0,Followed too Closely,Human Element,0,0,0,0,0,0,0,0,0,0,0,0,0,0,0,0,1,0,0,0,0,0,0,0,0,0,0,0,0,0,0,0,0,0,0,0,0
300418002,Tulsa,tulsa,,City Street,1,0.0,0.0,possible_injury,0.0,0,0.0,0.0,3.0,REAR-END,REAR-END,36.177079,-95.9045464,2019,2019-06-07,9.45,2,0,N,       ,N,N,0,Clear,Daylight,1.0,2.0,0,No Roadway Departure,0,N,0.0,D,2.0,44.0,F,Y,1.0,Apparently Normal,4.0,0,0,0,Followed too Closely,Human Element,0,0,0,0,0,0,0,0,0,0,0,0,0,0,0,0,1,0,0,0,0,0,0,0,0,0,0,0,0,0,0,0,0,0,0,0,0
300418863,Tulsa,tulsa,,City Street,5,0.0,0.0,property_damage,0.0,0,0.0,0.0,0.0,REAR-END,REAR-END,36.18806701,-95.9758384,2019,2019-06-19,19.26,2,0,N,       ,N,N,0,Clear,Daylight,1.0,3.0,0,No Roadway Departure,0,Y,0.0,D,20.0,0.0,9,Y,1.0,Unknown,99.0,0,0,0,Followed too Closely,Traffic Condition,0,0,0,0,0,0,0,0,0,0,0,0,0,0,0,0,1,0,0,0,0,0,0,0,0,0,0,0,0,0,0,0,0,0,0,0,0
300418935,Tulsa,tulsa,I-244,Interstate,0,72.0,0.0,possible_injury,0.0,0,0.0,0.0,2.0,REAR-END,REAR-END,36.1638473,-95.871858,2019,2019-06-12,15.57,3,0,N,       ,N,N,0,Cloudy,Daylight,1.0,3.0,0,No Roadway Departure,0,N,0.0,D,2.0,20.0,F,Y,2.0,Apparently Normal,4.0,0,0,0,Followed too Closely,Human Element,0,0,0,0,0,0,0,0,0,0,0,0,0,0,0,0,1,0,0,0,0,0,0,0,0,0,0,0,0,0,0,0,0,0,0,0,0
300419102,Rogers,northern,US-412,US Route,0,72.0,0.0,possible_injury,0.0,0,0.0,0.0,1.0,REAR-END,REAR-END,36.1707981,-95.5805861,2019,2019-06-18,17.22,2,0,N,       ,N,N,0,Cloudy,Daylight,1.0,3.0,0,Roadway Departure Right,0,N,0.0,D,4.0,18.0,M,Y,1.0,Apparently Normal,4.0,0,1,0,Followed too Closely,Traffic Condition,0,0,0,0,0,0,0,0,0,0,0,0,0,0,0,0,1,0,0,0,0,0,0,0,0,0,0,0,0,0,0,0,0,0,0,0,0
300419398,Tulsa,northern,SH-20,State Highway,1,0.0,0.0,non_incapacitating_injury,1.0,0,0.0,1.0,1.0,REAR-END,REAR-END,36.3656385,-95.9295411,2019,2019-06-11,16.2,2,0,N,       ,N,N,0,Clear,Daylight,1.0,4.0,0,No Roadway Departure,0,N,0.0,D,1.0,41.0,M,Y,2.0,Apparently Normal,4.0,0,0,0,Followed too Closely,Traffic Condition,0,0,0,0,0,0,0,0,0,0,0,0,0,0,0,0,1,0,0,0,0,0,0,0,0,0,0,0,0,0,0,0,0,0,0,0,0
300419569,Rogers,northern,I-44,Turnpike Interstate,0,72.0,0.0,possible_injury,0.0,0,0.0,0.0,1.0,REAR-END,REAR-END,36.2816031,-95.62133,2019,2019-06-17,14.4,2,1,N,       ,N,N,0,Rain,Daylight,2.0,2.0,0,No Roadway Departure,0,N,0.0,D,10.0,64.0,M,Y,1.0,Apparently Normal,4.0,0,0,0,Followed too Closely,Traffic Condition,0,0,0,0,0,0,0,0,0,0,0,0,0,0,0,0,1,0,0,0,0,0,0,0,0,0,0,0,0,0,0,0,0,0,1,0,0
300419686,Tulsa,tulsa,I-244,Interstate,0,0.0,0.0,possible_injury,0.0,0,0.0,0.0,1.0,REAR-END,REAR-END,36.1641917,-95.8668781,2019,2019-05-17,7.53,2,0,N,       ,N,N,0,Clear,Daylight,1.0,3.0,0,No Roadway Departure,0,N,0.0,D,2.0,28.0,F,Y,1.0,Apparently Normal,4.0,0,0,0,Followed too Closely,Traffic Condition,0,0,0,0,0,0,0,0,0,0,0,0,0,0,0,0,1,0,0,0,0,0,0,0,0,0,0,0,0,0,0,0,0,0,0,0,0
300419693,Tulsa,tulsa,I-244,Interstate,0,0.0,0.0,property_damage,0.0,0,0.0,0.0,0.0,REAR-END,REAR-END,36.1614154,-95.9886263,2019,2019-06-04,17.24,2,0,N,       ,N,N,0,Clear,Daylight,1.0,3.0,0,No Roadway Departure,0,Y,0.0,D,2.0,25.0,M,Y,1.0,Apparently Normal,4.0,0,0,0,Followed too Closely,Traffic Condition,0,0,0,0,0,0,0,0,0,0,0,0,0,0,0,0,1,0,0,0,0,0,0,0,0,0,0,0,0,0,0,0,0,0,0,0,0
300420143,Tulsa,tulsa,I-44,Interstate,0,0.0,0.0,property_damage,0.0,0,0.0,0.0,0.0,REAR-END,REAR-END,36.1618921,-95.8251108,2019,2019-06-20,16.01,2,0,N,       ,N,N,0,Clear,Daylight,1.0,2.0,0,No Roadway Departure,0,N,0.0,D,20.0,27.0,M,Y,1.0,Apparently Normal,4.0,0,0,0,Followed too Closely,Human Element,0,0,0,0,0,0,0,0,0,0,0,0,0,0,0,0,1,0,0,0,0,0,0,0,0,0,0,0,0,0,0,0,0,0,0,0,0
300420579,Cherokee,southern,SH-82,State Highway,0,0.0,0.0,property_damage,0.0,0,0.0,0.0,0.0,REAR-END,REAR-END,36.0803583,-95.0985413,2019,2019-06-22,20.39,2,0,N,       ,Y,N,1,Clear,Dark / Unlighted,1.0,3.0,0,No Roadway Departure,0,N,0.0,D,2.0,44.0,F,Y,1.0,Apparently Normal,4.0,0,0,0,Followed too Closely,Traffic Condition,0,0,0,0,0,0,0,0,0,0,0,0,0,0,0,0,1,0,0,0,0,0,0,0,0,0,0,0,0,0,0,0,0,0,0,1,0
300420604,Delaware,northern,US-59,US Route,0,0.0,0.0,non_incapacitating_injury,1.0,0,0.0,1.0,0.0,REAR-END,REAR-END,36.6688978,-94.8380859,2019,2019-06-28,14.02,2,0,N,       ,N,N,0,Clear,Daylight,1.0,3.0,0,Roadway Departure Right,0,N,0.0,D,21.0,58.0,F,Y,3.0,Apparently Normal,4.0,0,0,0,Followed too Closely,Traffic Condition,0,0,0,0,0,0,0,0,0,0,0,0,0,0,0,0,1,0,0,0,0,0,0,0,0,0,0,0,0,0,0,0,0,0,0,0,0
300420687,Sequoyah,southern,SH-82,State Highway,1,0.0,0.0,possible_injury,0.0,0,0.0,0.0,1.0,REAR-END,REAR-END,35.6097221,-94.9760517,2019,2019-06-29,17.14,2,0,N,       ,N,N,0,Clear,Daylight,1.0,4.0,0,No Roadway Departure,0,N,0.0,D,15.0,32.0,M,Y,2.0,Apparently Normal,99.0,0,0,0,Followed too Closely,Human Element,0,0,0,0,0,0,0,0,0,0,0,0,0,0,0,0,1,0,0,0,0,0,0,0,0,0,0,0,0,0,0,0,0,0,0,0,0
300420690,Sequoyah,southern,US-64,US Route,0,0.0,0.0,possible_injury,0.0,0,0.0,0.0,2.0,REAR-END,REAR-END,35.3994553,-94.4439214,2019,2019-06-28,10.57,2,0,N,       ,N,N,0,Clear,Daylight,1.0,3.0,0,No Roadway Departure,0,N,0.0,D,2.0,55.0,F,Y,1.0,Apparently Normal,4.0,0,0,0,Followed too Closely,Human Element,0,0,0,0,0,0,0,0,0,0,0,0,0,0,0,0,1,0,0,0,0,0,0,0,0,0,0,0,0,0,0,0,0,0,0,0,0
300421108,Mayes,northern,SH-28,State Highway,0,1.0,0.0,non_incapacitating_injury,3.0,0,0.0,3.0,0.0,REAR-END,REAR-END,36.4717391,-95.0998153,2019,2019-06-28,7.27,3,0,N,       ,N,N,0,Clear,Daylight,1.0,5.0,0,No Roadway Departure,0,N,0.0,D,2.0,33.0,M,Y,3.0,Apparently Normal,4.0,0,0,0,Followed too Closely,Traffic Condition,0,0,0,0,0,0,0,0,0,0,0,0,0,0,0,0,1,0,0,0,0,0,0,0,0,0,0,0,0,0,0,0,0,0,0,0,0
300421296,Tulsa,tulsa,I-244,Interstate,0,34.0,0.0,property_damage,0.0,0,0.0,0.0,0.0,REAR-END,REAR-END,36.1637127,-95.872554,2019,2019-06-28,18.15,3,0,N,       ,N,N,0,Clear,Daylight,1.0,3.0,0,No Roadway Departure,0,N,0.0,D,20.0,27.0,M,Y,1.0,Apparently Normal,4.0,0,0,0,Followed too Closely,Human Element,0,0,0,0,0,0,0,0,0,0,0,0,0,0,0,0,1,0,0,0,0,0,0,0,0,0,0,0,0,0,0,0,0,0,0,0,0
300421808,Delaware,northern,US-59,US Route,1,0.0,0.0,non_incapacitating_injury,3.0,0,0.0,3.0,0.0,REAR-END,REAR-END,36.3537822,-94.8211092,2019,2019-07-08,19.38,2,1,N,       ,N,N,0,Clear,Daylight,1.0,4.0,0,No Roadway Departure,0,N,0.0,D,10.0,70.0,M,Y,1.0,Apparently Normal,4.0,1,0,0,Followed too Closely,Human Element,0,0,0,0,0,0,0,0,0,0,0,0,0,0,0,0,1,0,0,0,0,0,0,0,0,0,0,0,0,0,0,0,0,0,0,0,0
300421863,Sequoyah,southern,US-64,US Route,0,5.0,0.0,property_damage,0.0,0,0.0,0.0,0.0,REAR-END,REAR-END,35.4049303,-94.4838034,2019,2019-07-09,22.31,2,0,Y,       ,N,N,0,Clear,Dark / Unlighted,1.0,3.0,0,No Roadway Departure,0,N,0.0,D,2.0,24.0,M,Y,1.0,Apparently Normal,4.0,0,0,0,Followed too Closely,Human Element,0,0,0,0,0,0,0,0,0,0,0,0,0,0,0,0,1,0,0,0,0,0,0,0,0,0,0,0,0,0,0,0,0,0,0,1,0
300422754,Tulsa,tulsa,SH-11,State Highway,0,0.0,5.0,property_damage,0.0,0,0.0,0.0,0.0,REAR-END,REAR-END,36.1874253,-95.8982189,2019,2019-07-15,18.02,2,0,Y,       ,N,N,0,Clear,Daylight,1.0,2.0,0,No Roadway Departure,0,N,0.0,D,2.0,22.0,F,Y,1.0,Apparently Normal,4.0,0,0,0,Followed too Closely,Human Element,0,0,0,0,0,0,0,0,0,0,0,0,0,0,0,0,1,0,0,0,0,0,0,0,0,0,0,0,0,0,0,0,0,0,0,0,0
300422978,Cherokee,southern,SH-82,State Highway,1,0.0,0.0,possible_injury,0.0,0,0.0,0.0,1.0,REAR-END,REAR-END,35.986226,-94.9668828,2019,2019-07-09,16.15,2,0,N,       ,N,N,0,Clear,Daylight,1.0,4.0,0,No Roadway Departure,0,N,0.0,D,4.0,20.0,F,Y,1.0,Apparently Normal,4.0,0,0,0,Followed too Closely,Traffic Condition,0,0,0,0,0,0,0,0,0,0,0,0,0,0,0,0,1,0,0,0,0,0,0,0,0,0,0,0,0,0,0,0,0,0,0,0,0
300423676,Tulsa,northern,,County Road,0,99.0,80.0,property_damage,0.0,0,0.0,0.0,0.0,REAR-END,REAR-END,36.322,-95.8364,2019,2019-07-14,17.5,2,0,N,       ,N,N,0,Clear,Daylight,1.0,2.0,0,No Roadway Departure,0,N,0.0,D,2.0,19.0,M,Y,1.0,Apparently Normal,4.0,0,1,0,Followed too Closely,Traffic Condition,0,0,0,0,0,0,0,0,0,0,0,0,0,0,0,0,1,0,0,0,0,0,0,0,0,0,0,0,0,0,0,0,0,0,0,0,0
300423898,Rogers,northern,I-44,Turnpike Interstate,0,0.0,0.0,possible_injury,0.0,0,0.0,0.0,1.0,F-O EMBANKMENT,FIXED-OBJECT,36.2947467,-95.6055461,2019,2019-07-19,18.29,1,0,N,       ,N,N,0,Clear,Daylight,1.0,20.0,0,Roadway Departure Right,0,N,0.0,D,2.0,56.0,M,Y,2.0,Apparently Normal,4.0,0,0,0,Followed too Closely,Traffic Condition,0,0,0,0,0,0,0,0,0,0,0,0,0,0,0,0,1,0,0,0,0,0,0,0,0,0,0,0,0,0,0,0,0,0,0,0,0
300424088,Washington,northern,US-75,US Route,0,1.0,0.0,non_incapacitating_injury,1.0,0,0.0,1.0,0.0,REAR-END,REAR-END,36.6788711,-95.9351755,2019,2019-07-22,17.2,3,0,N,       ,N,N,0,Cloudy,Daylight,1.0,4.0,0,Roadway Departure Right,0,N,0.0,D,2.0,29.0,F,Y,1.0,Apparently Normal,4.0,0,0,0,Followed too Closely,Human Element,0,0,0,0,0,0,0,0,0,0,0,0,0,0,0,0,1,0,0,0,0,0,0,0,0,0,0,0,0,0,0,0,0,0,0,0,0
300424323,Tulsa,northern,US-75,US Route,0,0.0,0.0,possible_injury,0.0,0,0.0,0.0,1.0,REAR-END,REAR-END,36.2676876,-95.9237478,2019,2019-07-23,2.22,2,0,N,       ,N,N,0,Clear,Dark / Unlighted,1.0,3.0,0,No Roadway Departure,0,N,0.0,D,4.0,44.0,M,Y,1.0,Apparently Normal,4.0,0,0,0,Followed too Closely,Traffic Condition,0,0,0,0,0,0,0,0,0,0,0,0,0,0,0,0,1,0,0,0,0,0,0,0,0,0,0,0,0,0,0,0,0,0,0,1,0
300424852,Adair,southern,US-62,US Route,0,1.0,0.0,property_damage,0.0,0,0.0,0.0,0.0,REAR-END,REAR-END,35.9654023,-94.7882722,2019,2019-07-23,17.38,2,0,N,       ,N,N,0,Clear,Daylight,1.0,4.0,0,No Roadway Departure,0,N,0.0,D,4.0,26.0,M,Y,1.0,Apparently Normal,4.0,0,0,0,Followed too Closely,Traffic Condition,0,0,0,0,0,0,0,0,0,0,0,0,0,0,0,0,1,0,0,0,0,0,0,0,0,0,0,0,0,0,0,0,0,0,0,0,0